estado,fecha,hosp_gral,cama_venti,venti_uci
Aguascalientes,01/06/2021,8.58,11.83,24.52
Baja California,01/06/2021,17.99,17.39,13.33
Baja California Sur,01/06/2021,29.14,21.78,0
Campeche,01/06/2021,2.46,5.66,3.57
Chiapas,01/06/2021,3.48,4.45,6.34
Chihuahua,01/06/2021,18.01,17.11,14.11
Ciudad de México,01/06/2021,17.34,18.68,17.95
Coahuila de Zaragoza,01/06/2021,10.03,9.45,37.5
Colima,01/06/2021,14.75,20.58,5.55
Durango,01/06/2021,22.47,14.58,19.29
Guanajuato,01/06/2021,3.49,2,3.57
Guerrero,01/06/2021,10.93,6.14,3.37
Hidalgo,01/06/2021,10.9,8.87,5.71
Jalisco,01/06/2021,11.51,8.48,16.76
México,01/06/2021,13.19,10.52,34.75
Michoacán de Ocampo,01/06/2021,12.61,12.8,14.28
Morelos,01/06/2021,10.55,9.57,0
Nayarit,01/06/2021,23.42,2.53,0
Nuevo León,01/06/2021,21.92,19.49,31.39
Oaxaca,01/06/2021,13.86,13.75,27.86
Puebla,01/06/2021,10.22,12.04,14.75
Querétaro,01/06/2021,6.12,8.17,58.33
Quintana Roo,01/06/2021,31.67,20.26,34.78
San Luis Potosí,01/06/2021,4.85,6.37,13.79
Sinaloa,01/06/2021,12.65,13.2,18.98
Sonora,01/06/2021,22.57,11.11,27.9
Tabasco,01/06/2021,21.72,29.09,30.5
Tamaulipas,01/06/2021,22.69,13.7,28.4
Tlaxcala,01/06/2021,9.55,10.18,0
Veracruz de Ignacio de la Llave,01/06/2021,13.33,8.18,21.1
Yucatán,01/06/2021,16.07,23.88,71.42
Zacatecas,01/06/2021,10,8.48,40
Aguascalientes,02/06/2021,9.75,10.71,24.52
Baja California,02/06/2021,17.53,19.04,24
Baja California Sur,02/06/2021,25.84,20.76,0
Campeche,02/06/2021,4.69,14.47,19.04
Chiapas,02/06/2021,3.64,4.39,7.93
Chihuahua,02/06/2021,16.84,19.04,11.76
Ciudad de México,02/06/2021,16,13.71,15.75
Coahuila de Zaragoza,02/06/2021,9.84,8.49,37.5
Colima,02/06/2021,15.7,20.28,0
Durango,02/06/2021,21.34,15.95,23.21
Guanajuato,02/06/2021,4.25,1.75,5.35
Guerrero,02/06/2021,12.03,5.72,3.37
Hidalgo,02/06/2021,10.87,8.87,2.94
Jalisco,02/06/2021,11.12,8.63,15.6
México,02/06/2021,12.51,9.78,36.27
Michoacán de Ocampo,02/06/2021,11.4,12.03,18.75
Morelos,02/06/2021,9.13,4.03,0
Nayarit,02/06/2021,19.81,5.06,0
Nuevo León,02/06/2021,21.54,18.32,29.62
Oaxaca,02/06/2021,12.27,12.5,26.66
Puebla,02/06/2021,11.03,13.56,20.48
Querétaro,02/06/2021,7.97,7.66,54.54
Quintana Roo,02/06/2021,32.39,19.26,36.61
San Luis Potosí,02/06/2021,3.98,4.92,10.71
Sinaloa,02/06/2021,14.79,11.83,16.39
Sonora,02/06/2021,20.66,11.38,26.53
Tabasco,02/06/2021,21.89,29.44,30.26
Tamaulipas,02/06/2021,22.88,14.05,28.26
Tlaxcala,02/06/2021,8.97,11.11,0
Veracruz de Ignacio de la Llave,02/06/2021,13.54,8.25,16.03
Yucatán,02/06/2021,15.69,25,72.72
Zacatecas,02/06/2021,10.06,6.62,30
Aguascalientes,03/06/2021,12.65,10.3,24.52
Baja California,03/06/2021,13.66,18.43,11.11
Baja California Sur,03/06/2021,30.45,22.04,0
Campeche,03/06/2021,4.98,8.1,12.5
Chiapas,03/06/2021,3.92,4.74,9.52
Chihuahua,03/06/2021,16.59,16.4,12.04
Ciudad de México,03/06/2021,16.21,18.2,17.84
Coahuila de Zaragoza,03/06/2021,9.09,9.27,37.5
Colima,03/06/2021,13.09,20,0
Durango,03/06/2021,21.59,12.9,24.56
Guanajuato,03/06/2021,4.14,1.93,5.35
Guerrero,03/06/2021,10.61,7.27,4.7
Hidalgo,03/06/2021,11.64,9.14,3.33
Jalisco,03/06/2021,11.18,8.31,15.02
México,03/06/2021,11.73,9.2,28.33
Michoacán de Ocampo,03/06/2021,10.7,10.63,18.75
Morelos,03/06/2021,8.68,5.12,0
Nayarit,03/06/2021,19.09,10,0
Nuevo León,03/06/2021,22,18.76,32.91
Oaxaca,03/06/2021,12,11.37,27.27
Puebla,03/06/2021,10.71,13.24,17.5
Querétaro,03/06/2021,5.89,6.61,54.54
Quintana Roo,03/06/2021,31.94,17.44,33.33
San Luis Potosí,03/06/2021,4.23,4.71,7.81
Sinaloa,03/06/2021,15.4,12.21,17.07
Sonora,03/06/2021,20.06,10.21,20
Tabasco,03/06/2021,21.78,28.91,30.5
Tamaulipas,03/06/2021,23.38,15.62,26.88
Tlaxcala,03/06/2021,8.86,10.18,0
Veracruz de Ignacio de la Llave,03/06/2021,13.13,6.99,15.38
Yucatán,03/06/2021,16.19,28.07,72.72
Zacatecas,03/06/2021,8.21,6.13,27.77
Aguascalientes,04/06/2021,12.65,11.58,24.52
Baja California,04/06/2021,17.06,17.94,11.36
Baja California Sur,04/06/2021,32.18,20.85,0
Campeche,04/06/2021,5.8,11.6,15.62
Chiapas,04/06/2021,3.87,3.75,9.52
Chihuahua,04/06/2021,14,16.39,15.71
Ciudad de México,04/06/2021,14.65,12.51,13.85
Coahuila de Zaragoza,04/06/2021,9.09,7.28,37.5
Colima,04/06/2021,16.94,15.27,0
Durango,04/06/2021,21.17,9.41,17.39
Guanajuato,04/06/2021,4.18,1.88,8
Guerrero,04/06/2021,10.95,6.57,4.44
Hidalgo,04/06/2021,12.13,6.83,3.33
Jalisco,04/06/2021,10.69,8.14,12.71
México,04/06/2021,11.97,8.16,28.16
Michoacán de Ocampo,04/06/2021,8.4,10.87,18.75
Morelos,04/06/2021,9.06,4.06,0
Nayarit,04/06/2021,20.18,13.58,0
Nuevo León,04/06/2021,21.35,18.33,29.78
Oaxaca,04/06/2021,12.86,11.24,25.75
Puebla,04/06/2021,10.96,11.53,17.5
Querétaro,04/06/2021,5.63,5.81,45.45
Quintana Roo,04/06/2021,30.5,19.66,33.33
San Luis Potosí,04/06/2021,3.97,4.12,7.54
Sinaloa,04/06/2021,16.99,11.58,16.21
Sonora,04/06/2021,17.64,12.28,21.05
Tabasco,04/06/2021,27.36,26.5,32.25
Tamaulipas,04/06/2021,23.82,18.33,40.54
Tlaxcala,04/06/2021,5.76,10.28,0
Veracruz de Ignacio de la Llave,04/06/2021,12.91,7.18,13.59
Yucatán,04/06/2021,15.98,30.45,73.91
Zacatecas,04/06/2021,12.82,6.01,22.22
Aguascalientes,05/06/2021,11.83,10.69,24.52
Baja California,05/06/2021,12.73,15.82,11.62
Baja California Sur,05/06/2021,31.31,22.34,0
Campeche,05/06/2021,5.85,9.9,18.18
Chiapas,05/06/2021,3.87,3.76,9.52
Chihuahua,05/06/2021,12.34,14.06,13.41
Ciudad de México,05/06/2021,12.59,9.29,8.5
Coahuila de Zaragoza,05/06/2021,11.9,9.48,66.66
Colima,05/06/2021,14.63,23.07,0
Durango,05/06/2021,26.19,9.27,20
Guanajuato,05/06/2021,4.12,1.58,5.55
Guerrero,05/06/2021,8.13,7.54,7.89
Hidalgo,05/06/2021,14.03,5.69,0
Jalisco,05/06/2021,11.55,9.01,11.68
México,05/06/2021,7.89,9.5,18.75
Michoacán de Ocampo,05/06/2021,9.47,5.49,0
Morelos,05/06/2021,11.38,8.14,26.42
Nayarit,05/06/2021,23.27,16,0
Nuevo León,05/06/2021,24.5,20.24,30.15
Oaxaca,05/06/2021,12.73,5.17,14
Puebla,05/06/2021,11,12.29,19.27
Querétaro,05/06/2021,6.48,5.76,45.45
Quintana Roo,05/06/2021,32.84,18.72,44
San Luis Potosí,05/06/2021,3.79,3.73,10.76
Sinaloa,05/06/2021,14.19,12.9,20.54
Sonora,05/06/2021,18.3,14.37,22.22
Tabasco,05/06/2021,29.68,31.62,34.88
Tamaulipas,05/06/2021,21.53,19.82,38.35
Tlaxcala,05/06/2021,6.32,7.54,0
Veracruz de Ignacio de la Llave,05/06/2021,13.63,7.73,16.51
Yucatán,05/06/2021,16.36,34.88,76
Zacatecas,05/06/2021,6.83,6.76,27.77
Aguascalientes,06/06/2021,11.56,9.31,24.52
Baja California,06/06/2021,15.19,17.77,10.41
Baja California Sur,06/06/2021,33.91,23.07,0
Campeche,06/06/2021,5.05,10.81,15.62
Chiapas,06/06/2021,3.89,4.08,7.93
Chihuahua,06/06/2021,13.3,13.82,14.1
Ciudad de México,06/06/2021,12.33,8.88,8.98
Coahuila de Zaragoza,06/06/2021,12.06,11.3,100
Colima,06/06/2021,8.13,17.39,0
Durango,06/06/2021,25.88,8.24,19.64
Guanajuato,06/06/2021,4.21,1.2,5.35
Guerrero,06/06/2021,10.52,8.58,7.89
Hidalgo,06/06/2021,15.2,6.91,0
Jalisco,06/06/2021,11.32,8.61,13.21
México,06/06/2021,8.54,9.01,12.5
Michoacán de Ocampo,06/06/2021,8.2,3.22,0
Morelos,06/06/2021,11.7,7.89,26.42
Nayarit,06/06/2021,24.13,14.66,0
Nuevo León,06/06/2021,24.22,22.06,32.92
Oaxaca,06/06/2021,13.76,10.69,23.43
Puebla,06/06/2021,12.48,11.47,19.27
Querétaro,06/06/2021,6.46,6.51,50
Quintana Roo,06/06/2021,32.55,17.13,33.33
San Luis Potosí,06/06/2021,3.42,4.95,11.11
Sinaloa,06/06/2021,15.25,13.33,22.22
Sonora,06/06/2021,15.85,13.63,22.5
Tabasco,06/06/2021,27.55,24.58,36.66
Tamaulipas,06/06/2021,19.34,17.24,31.25
Tlaxcala,06/06/2021,5.69,9.34,0
Veracruz de Ignacio de la Llave,06/06/2021,16.1,6.7,15.78
Yucatán,06/06/2021,16.83,32.78,73.91
Zacatecas,06/06/2021,10.74,5.18,25
Aguascalientes,07/06/2021,12.13,9.43,24.52
Baja California,07/06/2021,16.66,15.87,14.28
Baja California Sur,07/06/2021,32.02,22.09,0
Campeche,07/06/2021,5.85,9.25,12.5
Chiapas,07/06/2021,3.65,4.71,9.52
Chihuahua,07/06/2021,15.65,11.65,13.33
Ciudad de México,07/06/2021,14.46,11.22,11.52
Coahuila de Zaragoza,07/06/2021,12.13,9.83,50
Colima,07/06/2021,15.45,15.71,5.55
Durango,07/06/2021,25,8.69,19.64
Guanajuato,07/06/2021,4.03,1.18,5.35
Guerrero,07/06/2021,11.01,8.49,7.77
Hidalgo,07/06/2021,14.47,6.17,0
Jalisco,07/06/2021,12.81,7.35,12.2
México,07/06/2021,8.34,9.27,12.5
Michoacán de Ocampo,07/06/2021,8.42,4.83,0
Morelos,07/06/2021,10.75,8.3,25
Nayarit,07/06/2021,19.81,15,0
Nuevo León,07/06/2021,23.3,19.62,32.53
Oaxaca,07/06/2021,16.66,9.2,21.21
Puebla,07/06/2021,13.77,11.4,19.76
Querétaro,07/06/2021,6.91,6.64,50
Quintana Roo,07/06/2021,34.57,16.46,34.78
San Luis Potosí,07/06/2021,3.79,4.06,7.4
Sinaloa,07/06/2021,14.87,13.91,26.41
Sonora,07/06/2021,14.72,12.07,20.4
Tabasco,07/06/2021,25.7,32.24,33.33
Tamaulipas,07/06/2021,21.29,17.69,30.76
Tlaxcala,07/06/2021,6.04,8.49,0
Veracruz de Ignacio de la Llave,07/06/2021,14.28,9.09,17.27
Yucatán,07/06/2021,17.44,37.72,76.92
Zacatecas,07/06/2021,7.69,6.1,33.33
Aguascalientes,08/06/2021,13.21,10.62,20.75
Baja California,08/06/2021,13.07,21.1,10
Baja California Sur,08/06/2021,33.9,24.59,0
Campeche,08/06/2021,6.68,9.17,12.5
Chiapas,08/06/2021,4.22,5.42,7.93
Chihuahua,08/06/2021,15.85,13.79,17.74
Ciudad de México,08/06/2021,15.2,11.13,12.55
Coahuila de Zaragoza,08/06/2021,10,7.43,37.5
Colima,08/06/2021,17.64,16.66,5.55
Durango,08/06/2021,22.22,10.84,16.66
Guanajuato,08/06/2021,4.79,1.46,6.25
Guerrero,08/06/2021,11.67,8.55,10
Hidalgo,08/06/2021,16.71,5.06,0
Jalisco,08/06/2021,12.41,6.29,11.79
México,08/06/2021,8.59,10.37,12.5
Michoacán de Ocampo,08/06/2021,7.76,4.87,0
Morelos,08/06/2021,10.62,7.51,23.02
Nayarit,08/06/2021,23.36,16.66,0
Nuevo León,08/06/2021,17.53,13.98,21.28
Oaxaca,08/06/2021,13.16,7.5,14.06
Puebla,08/06/2021,10.64,10.22,16.66
Querétaro,08/06/2021,6.18,6.56,50
Quintana Roo,08/06/2021,35.73,17.07,33.82
San Luis Potosí,08/06/2021,5.39,3.6,5.55
Sinaloa,08/06/2021,17.11,14,25.67
Sonora,08/06/2021,19.55,15.02,28.57
Tabasco,08/06/2021,21.21,35.4,36.66
Tamaulipas,08/06/2021,22.79,16.07,26.5
Tlaxcala,08/06/2021,4.82,7.27,0
Veracruz de Ignacio de la Llave,08/06/2021,15.84,9.55,16.66
Yucatán,08/06/2021,19.43,41.5,77.77
Zacatecas,08/06/2021,8.19,5.97,30
Aguascalientes,09/06/2021,12.06,9.93,19.23
Baja California,09/06/2021,15.86,15.77,11.62
Baja California Sur,09/06/2021,34.13,28.04,0
Campeche,09/06/2021,7.79,10.81,15.15
Chiapas,09/06/2021,3.89,6.44,7.93
Chihuahua,09/06/2021,15.19,10.05,11.11
Ciudad de México,09/06/2021,17.24,11.72,13.36
Coahuila de Zaragoza,09/06/2021,10.57,5.97,12
Colima,09/06/2021,17.94,17.8,5.55
Durango,09/06/2021,30.23,10,23.4
Guanajuato,09/06/2021,4.15,1.5,7.27
Guerrero,09/06/2021,11.22,8.07,7.77
Hidalgo,09/06/2021,15.1,6.12,9.09
Jalisco,09/06/2021,12.18,7.09,12.62
México,09/06/2021,8.28,11.02,12.5
Michoacán de Ocampo,09/06/2021,7.31,4,0
Morelos,09/06/2021,10.7,8.01,25.71
Nayarit,09/06/2021,18.26,15.58,0
Nuevo León,09/06/2021,25.16,20.26,36.52
Oaxaca,09/06/2021,16.66,6.49,12.9
Puebla,09/06/2021,10.89,9.67,12.65
Querétaro,09/06/2021,4.53,6.61,50
Quintana Roo,09/06/2021,34.97,19.1,32.83
San Luis Potosí,09/06/2021,3.23,4.02,7.27
Sinaloa,09/06/2021,16.58,14.16,27.53
Sonora,09/06/2021,19.57,12.29,27.27
Tabasco,09/06/2021,25.62,35.6,33.76
Tamaulipas,09/06/2021,28.31,15.56,26.5
Tlaxcala,09/06/2021,5.29,7.54,0
Veracruz de Ignacio de la Llave,09/06/2021,17.72,8.21,17.75
Yucatán,09/06/2021,18.95,44.78,75
Zacatecas,09/06/2021,4.95,6.66,30
Aguascalientes,10/06/2021,13.48,8.91,19.23
Baja California,10/06/2021,13.2,15.8,4.65
Baja California Sur,10/06/2021,36.47,28.49,0
Campeche,10/06/2021,6.82,7.4,12.5
Chiapas,10/06/2021,3.87,6.41,7.93
Chihuahua,10/06/2021,14.31,11.82,10
Ciudad de México,10/06/2021,15.52,13.07,12.25
Coahuila de Zaragoza,10/06/2021,11.11,5.83,8
Colima,10/06/2021,13.79,18.91,5.55
Durango,10/06/2021,29.41,8.86,25
Guanajuato,10/06/2021,3.74,1.05,1.78
Guerrero,10/06/2021,9.89,10.24,10
Hidalgo,10/06/2021,12.73,6.57,0
Jalisco,10/06/2021,13.5,6.13,10.84
México,10/06/2021,9.17,10.48,12.5
Michoacán de Ocampo,10/06/2021,6.56,5.26,0
Morelos,10/06/2021,12.71,9.03,27.13
Nayarit,10/06/2021,18.01,14.47,0
Nuevo León,10/06/2021,24.79,19.96,35.86
Oaxaca,10/06/2021,14.97,7.74,15
Puebla,10/06/2021,9.12,9.59,16.21
Querétaro,10/06/2021,4.82,6.56,54.54
Quintana Roo,10/06/2021,35.91,17.28,34.78
San Luis Potosí,10/06/2021,3.49,4.52,12.28
Sinaloa,10/06/2021,18.69,12.59,22.97
Sonora,10/06/2021,20.91,12.9,29.54
Tabasco,10/06/2021,26.19,38.55,37.7
Tamaulipas,10/06/2021,28.11,16.66,29.11
Tlaxcala,10/06/2021,4.02,8.49,100
Veracruz de Ignacio de la Llave,10/06/2021,18.6,8.68,21.97
Yucatán,10/06/2021,20.11,42.5,73.91
Zacatecas,10/06/2021,4.44,6.61,30
Aguascalientes,11/06/2021,13.48,8.91,19.23
Baja California,11/06/2021,13.2,15.8,4.65
Baja California Sur,11/06/2021,36.47,28.49,0
Campeche,11/06/2021,6.82,7.4,12.5
Chiapas,11/06/2021,3.87,6.41,7.93
Chihuahua,11/06/2021,14.31,11.82,10
Ciudad de México,11/06/2021,15.52,13.07,12.25
Coahuila de Zaragoza,11/06/2021,11.11,5.83,8
Colima,11/06/2021,13.79,18.91,5.55
Durango,11/06/2021,29.41,8.86,25
Guanajuato,11/06/2021,3.74,1.05,1.78
Guerrero,11/06/2021,9.89,10.24,10
Hidalgo,11/06/2021,12.73,6.57,0
Jalisco,11/06/2021,13.5,6.13,10.84
México,11/06/2021,9.17,10.48,12.5
Michoacán de Ocampo,11/06/2021,6.56,5.26,0
Morelos,11/06/2021,12.71,9.03,27.13
Nayarit,11/06/2021,18.01,14.47,0
Nuevo León,11/06/2021,24.79,19.96,35.86
Oaxaca,11/06/2021,14.97,7.74,15
Puebla,11/06/2021,9.12,9.59,16.21
Querétaro,11/06/2021,4.82,6.56,54.54
Quintana Roo,11/06/2021,35.91,17.28,34.78
San Luis Potosí,11/06/2021,3.49,4.52,12.28
Sinaloa,11/06/2021,18.69,12.59,22.97
Sonora,11/06/2021,20.91,12.9,29.54
Tabasco,11/06/2021,26.19,38.55,37.7
Tamaulipas,11/06/2021,28.11,16.66,29.11
Tlaxcala,11/06/2021,4.02,8.49,100
Veracruz de Ignacio de la Llave,11/06/2021,18.6,8.68,21.97
Yucatán,11/06/2021,20.11,42.5,73.91
Zacatecas,11/06/2021,4.44,6.61,30
Aguascalientes,12/06/2021,10.81,11.61,15.09
Baja California,12/06/2021,8.73,12.32,7.69
Baja California Sur,12/06/2021,46.66,32.29,0
Campeche,12/06/2021,13.43,15.49,35.29
Chiapas,12/06/2021,4.39,6.48,6.34
Chihuahua,12/06/2021,12.23,15.46,14.63
Ciudad de México,12/06/2021,16.7,10.76,8.63
Coahuila de Zaragoza,12/06/2021,13.59,5.21,40
Colima,12/06/2021,7.52,19.23,0
Durango,12/06/2021,25.88,5.06,21.73
Guanajuato,12/06/2021,4.64,1.04,5.63
Guerrero,12/06/2021,7.73,10.29,7.89
Hidalgo,12/06/2021,12.38,5.92,0
Jalisco,12/06/2021,12.94,4.8,10.32
México,12/06/2021,9.19,9.91,12.5
Michoacán de Ocampo,12/06/2021,5.91,3.2,0
Morelos,12/06/2021,11.17,7.97,24.42
Nayarit,12/06/2021,17.69,16.88,0
Nuevo León,12/06/2021,26.41,19.96,32.96
Oaxaca,12/06/2021,12.27,10.95,6
Puebla,12/06/2021,10.43,10.83,14.75
Querétaro,12/06/2021,4.55,3.86,31.81
Quintana Roo,12/06/2021,37.32,23.01,42.55
San Luis Potosí,12/06/2021,3.33,3.5,5.55
Sinaloa,12/06/2021,19.9,14.7,28.37
Sonora,12/06/2021,25.08,16.47,32.43
Tabasco,12/06/2021,24.35,27.31,30.68
Tamaulipas,12/06/2021,29.57,17.06,41.07
Tlaxcala,12/06/2021,2.66,8.57,0
Veracruz de Ignacio de la Llave,12/06/2021,18.41,8.48,15.68
Yucatán,12/06/2021,20,43.75,78.26
Zacatecas,12/06/2021,7.69,8.14,33.33
Aguascalientes,13/06/2021,12.08,9.09,15.09
Baja California,13/06/2021,9.84,11.26,0
Baja California Sur,13/06/2021,76.13,71.79,0
Campeche,13/06/2021,8.92,8.03,12.5
Chiapas,13/06/2021,4.7,6.46,6.34
Chihuahua,13/06/2021,10.09,7.33,6.89
Ciudad de México,13/06/2021,18.48,11.63,12.5
Coahuila de Zaragoza,13/06/2021,14,6.14,40
Colima,13/06/2021,6.59,20.75,0
Durango,13/06/2021,33.33,5.4,26.66
Guanajuato,13/06/2021,4.51,1.35,7.14
Guerrero,13/06/2021,9.47,11.11,10.52
Hidalgo,13/06/2021,12.05,4.6,0
Jalisco,13/06/2021,13.29,4.85,12.2
México,13/06/2021,11.23,10.72,12.5
Michoacán de Ocampo,13/06/2021,6.99,3.15,0
Morelos,13/06/2021,11.96,7.27,26.47
Nayarit,13/06/2021,22.8,16.21,0
Nuevo León,13/06/2021,24.28,20.65,37.46
Oaxaca,13/06/2021,12.76,7.53,9.09
Puebla,13/06/2021,13.29,9.73,18.51
Querétaro,13/06/2021,3.76,3.44,22.72
Quintana Roo,13/06/2021,36.64,23.2,41.3
San Luis Potosí,13/06/2021,3.33,2.91,6.25
Sinaloa,13/06/2021,23.13,17.15,30.43
Sonora,13/06/2021,25.64,17,42.85
Tabasco,13/06/2021,26.02,28.21,32.14
Tamaulipas,13/06/2021,32.89,13.58,21.23
Tlaxcala,13/06/2021,2.66,9.34,0
Veracruz de Ignacio de la Llave,13/06/2021,15.66,7.9,14.95
Yucatán,13/06/2021,20.8,46.62,78.26
Zacatecas,13/06/2021,5.08,7.51,33.33
Aguascalientes,14/06/2021,12.08,9.09,15.09
Baja California,14/06/2021,9.84,11.26,0
Baja California Sur,14/06/2021,76.13,71.79,0
Campeche,14/06/2021,8.92,8.03,12.5
Chiapas,14/06/2021,4.7,6.46,6.34
Chihuahua,14/06/2021,10.09,7.33,6.89
Ciudad de México,14/06/2021,18.48,11.63,12.5
Coahuila de Zaragoza,14/06/2021,14,6.14,40
Colima,14/06/2021,6.59,20.75,0
Durango,14/06/2021,33.33,5.4,26.66
Guanajuato,14/06/2021,4.51,1.35,7.14
Guerrero,14/06/2021,9.47,11.11,10.52
Hidalgo,14/06/2021,12.05,4.6,0
Jalisco,14/06/2021,13.29,4.85,12.2
México,14/06/2021,11.96,7.27,26.47
Michoacán de Ocampo,14/06/2021,11.23,10.72,12.5
Morelos,14/06/2021,6.99,3.15,0
Nayarit,14/06/2021,22.8,16.21,0
Nuevo León,14/06/2021,24.28,20.65,37.46
Oaxaca,14/06/2021,12.76,7.53,9.09
Puebla,14/06/2021,13.29,9.73,18.51
Querétaro,14/06/2021,3.76,3.44,22.72
Quintana Roo,14/06/2021,36.64,23.2,41.3
San Luis Potosí,14/06/2021,3.33,2.91,6.25
Sinaloa,14/06/2021,23.13,17.15,30.43
Sonora,14/06/2021,25.64,17,42.85
Tabasco,14/06/2021,26.02,28.21,32.14
Tamaulipas,14/06/2021,32.89,13.58,21.23
Tlaxcala,14/06/2021,2.66,9.34,0
Veracruz de Ignacio de la Llave,14/06/2021,15.66,7.9,14.95
Yucatán,14/06/2021,20.8,46.62,78.26
Zacatecas,14/06/2021,5.08,7.51,33.33
Aguascalientes,15/06/2021,12.24,9.21,15.68
Baja California,15/06/2021,14.76,15.4,9.3
Baja California Sur,15/06/2021,44.55,38.88,0
Campeche,15/06/2021,5.02,7.4,14.7
Chiapas,15/06/2021,6.04,6.52,6.34
Chihuahua,15/06/2021,13.49,12.68,14.44
Ciudad de México,15/06/2021,21.85,13.22,12.24
Coahuila de Zaragoza,15/06/2021,12.4,8.16,60
Colima,15/06/2021,6.89,22.64,33.33
Durango,15/06/2021,32.63,7.04,26.66
Guanajuato,15/06/2021,3.94,1.22,8.92
Guerrero,15/06/2021,10.49,7.98,10.25
Hidalgo,15/06/2021,15.21,5.96,0
Jalisco,15/06/2021,13.06,5.41,12.85
México,15/06/2021,11.35,7.7,20.61
Michoacán de Ocampo,15/06/2021,11.4,9.6,6.25
Morelos,15/06/2021,5.41,1.96,0
Nayarit,15/06/2021,18.91,12.65,0
Nuevo León,15/06/2021,26.24,19.75,38.85
Oaxaca,15/06/2021,14.34,9.46,10.29
Puebla,15/06/2021,13,8.69,15.18
Querétaro,15/06/2021,3.49,3.44,27.27
Quintana Roo,15/06/2021,36.03,18.98,28.07
San Luis Potosí,15/06/2021,3.55,5.21,7.4
Sinaloa,15/06/2021,21.9,15.31,28.37
Sonora,15/06/2021,24.32,16.77,40.54
Tabasco,15/06/2021,25.56,33.68,35.29
Tamaulipas,15/06/2021,31.88,17.29,31.81
Tlaxcala,15/06/2021,2.01,8.33,0
Veracruz de Ignacio de la Llave,15/06/2021,16.81,9.55,16.66
Yucatán,15/06/2021,20.65,46.95,77.27
Zacatecas,15/06/2021,5.21,7.57,33.33
Aguascalientes,16/06/2021,18.33,8.52,25.8
Baja California,16/06/2021,13.38,13.59,9.3
Baja California Sur,16/06/2021,45.67,40.29,0
Campeche,16/06/2021,5.88,10.28,17.64
Chiapas,16/06/2021,7.1,6.25,6.34
Chihuahua,16/06/2021,14.34,12.31,10
Ciudad de México,16/06/2021,23.14,13.85,14.53
Coahuila de Zaragoza,16/06/2021,15.09,8.1,60
Colima,16/06/2021,8.65,19.6,33.33
Durango,16/06/2021,35.41,7.35,31.11
Guanajuato,16/06/2021,3.83,2.06,8.92
Guerrero,16/06/2021,9.44,8.14,10.25
Hidalgo,16/06/2021,16.27,6.8,0
Jalisco,16/06/2021,12.74,5.62,13.33
México,16/06/2021,13.31,6.38,19.46
Michoacán de Ocampo,16/06/2021,7.63,9.58,6.25
Morelos,16/06/2021,7.76,1.4,0
Nayarit,16/06/2021,20.9,13.58,0
Nuevo León,16/06/2021,28.03,17.9,35.69
Oaxaca,16/06/2021,13.72,12.19,11.94
Puebla,16/06/2021,11.18,7.8,10.52
Querétaro,16/06/2021,4,1.93,27.27
Quintana Roo,16/06/2021,37.5,20.55,31.34
San Luis Potosí,16/06/2021,3.59,5.68,7.27
Sinaloa,16/06/2021,23.09,16.29,28.94
Sonora,16/06/2021,26.31,19.31,31.81
Tabasco,16/06/2021,27.65,36.7,34.14
Tamaulipas,16/06/2021,32.5,19.84,33.69
Tlaxcala,16/06/2021,2.68,9.17,0
Veracruz de Ignacio de la Llave,16/06/2021,18.58,9,20.2
Yucatán,16/06/2021,24.19,45.73,80
Zacatecas,16/06/2021,2.58,6.81,33.33
Aguascalientes,17/06/2021,21.95,7.25,22.58
Baja California,17/06/2021,16.46,15.3,21.73
Baja California Sur,17/06/2021,57.4,42.21,0
Campeche,17/06/2021,9.76,11,18.75
Chiapas,17/06/2021,5.34,7.52,6.25
Chihuahua,17/06/2021,12.25,11.04,9.67
Ciudad de México,17/06/2021,24.07,13.98,13.84
Coahuila de Zaragoza,17/06/2021,14.7,7.54,33.33
Colima,17/06/2021,9.47,20,33.33
Durango,17/06/2021,26.58,20,33.96
Guanajuato,17/06/2021,4.17,1.91,8.92
Guerrero,17/06/2021,8.09,4.95,5.12
Hidalgo,17/06/2021,16.08,11.4,0
Jalisco,17/06/2021,12.71,7.39,13.17
México,17/06/2021,12.81,6.35,19.64
Michoacán de Ocampo,17/06/2021,5.84,9.73,8.33
Morelos,17/06/2021,9.38,1.75,0
Nayarit,17/06/2021,26.85,9.09,0
Nuevo León,17/06/2021,31.41,17.64,40.15
Oaxaca,17/06/2021,13.75,10.71,3.5
Puebla,17/06/2021,11,6.96,29.57
Querétaro,17/06/2021,3.96,1.96,31.81
Quintana Roo,17/06/2021,39.36,20.08,32.78
San Luis Potosí,17/06/2021,5.4,6.14,12
Sinaloa,17/06/2021,25.05,16.66,23.07
Sonora,17/06/2021,21.13,17.71,28.57
Tabasco,17/06/2021,25.91,34.71,35.8
Tamaulipas,17/06/2021,34.23,17.47,37.89
Tlaxcala,17/06/2021,1.35,8.25,0
Veracruz de Ignacio de la Llave,17/06/2021,17.65,8.49,18.39
Yucatán,17/06/2021,22.86,48.46,80.95
Zacatecas,17/06/2021,2.54,6.01,27.77
Aguascalientes,18/06/2021,15.83,10.23,9.67
Baja California,18/06/2021,16.5,13.85,11.62
Baja California Sur,18/06/2021,54.18,45.07,0
Campeche,18/06/2021,10.08,11,18.75
Chiapas,18/06/2021,5.1,6.76,2.12
Chihuahua,18/06/2021,12.2,10.22,8.57
Ciudad de México,18/06/2021,23.67,13.1,24.36
Coahuila de Zaragoza,18/06/2021,8.56,6.99,20
Colima,18/06/2021,9.47,16,33.33
Durango,18/06/2021,32.97,10,37.5
Guanajuato,18/06/2021,3.73,2.07,8.92
Guerrero,18/06/2021,8.64,5.85,6.41
Hidalgo,18/06/2021,15.24,9.02,0
Jalisco,18/06/2021,12.37,7.67,11.76
México,18/06/2021,11.59,6.54,27.17
Michoacán de Ocampo,18/06/2021,5.18,9.45,8.33
Morelos,18/06/2021,9.28,1.85,0
Nayarit,18/06/2021,25,11.39,100
Nuevo León,18/06/2021,29.2,17.46,35.33
Oaxaca,18/06/2021,11.45,16,13.11
Puebla,18/06/2021,10.44,6.99,23.07
Querétaro,18/06/2021,3.66,1.58,12.5
Quintana Roo,18/06/2021,39.13,19.83,31.66
San Luis Potosí,18/06/2021,10.81,5.78,12
Sinaloa,18/06/2021,26.88,18.75,27.16
Sonora,18/06/2021,26.19,18.56,36.17
Tabasco,18/06/2021,25.09,34.19,32.5
Tamaulipas,18/06/2021,36.29,16.79,37.5
Tlaxcala,18/06/2021,2.72,7.4,0
Veracruz de Ignacio de la Llave,18/06/2021,17.4,7.91,18.39
Yucatán,18/06/2021,23.12,49.1,78.26
Zacatecas,18/06/2021,3.38,6.01,27.77
Aguascalientes,19/06/2021,21.25,9.09,22.58
Baja California,19/06/2021,10.96,12.54,21.73
Baja California Sur,19/06/2021,71.3,77.31,0
Campeche,19/06/2021,9.19,6.66,12.5
Chiapas,19/06/2021,4.59,6.04,2.12
Chihuahua,19/06/2021,9.43,7.3,2.77
Ciudad de México,19/06/2021,23.3,13.44,18.69
Coahuila de Zaragoza,19/06/2021,10.78,9.09,20
Colima,19/06/2021,15.62,12.76,0
Durango,19/06/2021,21.05,21.25,34.14
Guanajuato,19/06/2021,3.68,1.62,7.69
Guerrero,19/06/2021,7.42,6.66,7.81
Hidalgo,19/06/2021,14.84,9.65,0
Jalisco,19/06/2021,12.12,8.2,11.33
México,19/06/2021,10.77,6.03,25.53
Michoacán de Ocampo,19/06/2021,5.71,8.63,8.33
Morelos,19/06/2021,8.21,0,0
Nayarit,19/06/2021,25,11.39,100
Nuevo León,19/06/2021,29.11,17.03,36.65
Oaxaca,19/06/2021,18.45,22.72,48
Puebla,19/06/2021,9.58,5.63,7.01
Querétaro,19/06/2021,4.74,1.98,18.75
Quintana Roo,19/06/2021,39.47,21.72,31.66
San Luis Potosí,19/06/2021,10.88,6.35,16
Sinaloa,19/06/2021,27.35,20.85,28.2
Sonora,19/06/2021,30.61,21.68,34.14
Tabasco,19/06/2021,27.07,30.61,38.82
Tamaulipas,19/06/2021,34.36,15.27,34.48
Tlaxcala,19/06/2021,2.02,6.54,0
Veracruz de Ignacio de la Llave,19/06/2021,16.77,8.72,16.12
Yucatán,19/06/2021,23.95,48.33,54.28
Zacatecas,19/06/2021,3.38,5.26,22.22
Aguascalientes,20/06/2021,20,9.01,19.35
Baja California,20/06/2021,9.3,14.02,21.73
Baja California Sur,20/06/2021,56.25,49.76,0
Campeche,20/06/2021,10.69,6.93,12.5
Chiapas,20/06/2021,4.61,6.42,2.12
Chihuahua,20/06/2021,9.4,6.25,5.45
Ciudad de México,20/06/2021,22.39,9.33,7.66
Coahuila de Zaragoza,20/06/2021,12.07,9.32,60
Colima,20/06/2021,14.73,14,0
Durango,20/06/2021,21.79,9.19,10.41
Guanajuato,20/06/2021,3.48,0.95,0
Guerrero,20/06/2021,8.03,6.25,7.81
Hidalgo,20/06/2021,16.19,10.88,0
Jalisco,20/06/2021,10.65,7.18,11.05
México,20/06/2021,11.15,5.87,18.91
Michoacán de Ocampo,20/06/2021,6.54,7.94,10
Morelos,20/06/2021,8.1,0,0
Nayarit,20/06/2021,24.54,10.25,0
Nuevo León,20/06/2021,26.98,19.65,37.31
Oaxaca,20/06/2021,12.42,21.62,44
Puebla,20/06/2021,9.7,5.3,18.46
Querétaro,20/06/2021,4.37,2.38,25
Quintana Roo,20/06/2021,39.13,22.76,45
San Luis Potosí,20/06/2021,11.77,6.74,23.52
Sinaloa,20/06/2021,26.25,20.47,28.2
Sonora,20/06/2021,31.31,21.27,40.62
Tabasco,20/06/2021,35.07,34.21,40.9
Tamaulipas,20/06/2021,34.57,14.54,31.81
Tlaxcala,20/06/2021,2.02,7.4,0
Veracruz de Ignacio de la Llave,20/06/2021,18.13,7.66,14.94
Yucatán,20/06/2021,25.63,43.02,62.85
Zacatecas,20/06/2021,4,6.34,16.66
Aguascalientes,21/06/2021,20.86,9.02,9.67
Baja California,21/06/2021,15.61,17.15,11.36
Baja California Sur,21/06/2021,61.18,50.73,0
Campeche,21/06/2021,10.98,9.7,18.18
Chiapas,21/06/2021,3.81,6.08,1.72
Chihuahua,21/06/2021,9.28,7.3,4.28
Ciudad de México,21/06/2021,23.49,13.8,13.89
Coahuila de Zaragoza,21/06/2021,9.88,7.23,42.85
Colima,21/06/2021,11.82,21.15,0
Durango,21/06/2021,32.63,10.44,31.25
Guanajuato,21/06/2021,3.55,1.31,7.14
Guerrero,21/06/2021,8.19,5.58,7.69
Hidalgo,21/06/2021,13.75,9.02,0
Jalisco,21/06/2021,14.63,6.71,12.12
México,21/06/2021,11.9,6.81,17.11
Michoacán de Ocampo,21/06/2021,6.68,8.48,8.33
Morelos,21/06/2021,10.38,0,100
Nayarit,21/06/2021,20.9,8.75,0
Nuevo León,21/06/2021,28.47,18.55,38.32
Oaxaca,21/06/2021,13.4,20.19,43.47
Puebla,21/06/2021,10.05,6,14.51
Querétaro,21/06/2021,5.07,2,31.57
Quintana Roo,21/06/2021,40.7,19.42,27.58
San Luis Potosí,21/06/2021,11.84,7.18,16
Sinaloa,21/06/2021,27.73,19.72,29.26
Sonora,21/06/2021,29.68,23.39,35.55
Tabasco,21/06/2021,27.62,36.97,38.09
Tamaulipas,21/06/2021,34.79,17.37,33.68
Tlaxcala,21/06/2021,2.02,7.4,0
Veracruz de Ignacio de la Llave,21/06/2021,18.19,7.12,13.79
Yucatán,21/06/2021,24.22,45.78,60
Zacatecas,21/06/2021,1.6,5.55,16.66
Aguascalientes,22/06/2021,19.65,9.16,0
Baja California,22/06/2021,16.4,14.09,11.36
Baja California Sur,22/06/2021,65.12,54.73,14.28
Campeche,22/06/2021,14.61,6.72,13.33
Chiapas,22/06/2021,4.09,4.94,2.12
Chihuahua,22/06/2021,8.85,7.9,4.28
Ciudad de México,22/06/2021,24.08,13.25,13.89
Coahuila de Zaragoza,22/06/2021,8.67,6.71,44.44
Colima,22/06/2021,13.26,25.42,33.33
Durango,22/06/2021,21.34,9.72,10.25
Guanajuato,22/06/2021,3.41,2,9.09
Guerrero,22/06/2021,7.58,7.42,7.69
Hidalgo,22/06/2021,14.33,8.27,6.66
Jalisco,22/06/2021,14.79,6.65,12.19
México,22/06/2021,13.06,6.87,18.88
Michoacán de Ocampo,22/06/2021,6.13,7.92,15.38
Morelos,22/06/2021,10.75,0,0
Nayarit,22/06/2021,26.6,8.53,0
Nuevo León,22/06/2021,23.08,17.7,38.57
Oaxaca,22/06/2021,16,22.22,56
Puebla,22/06/2021,10.45,6.29,17.18
Querétaro,22/06/2021,5.41,2.76,22.72
Quintana Roo,22/06/2021,41.93,20.4,27.86
San Luis Potosí,22/06/2021,10.91,7.6,22.22
Sinaloa,22/06/2021,32.21,19.02,29.26
Sonora,22/06/2021,29.94,24.17,37.77
Tabasco,22/06/2021,29.54,42.6,40.27
Tamaulipas,22/06/2021,32.89,17.21,31.16
Tlaxcala,22/06/2021,0.67,7.33,0
Veracruz de Ignacio de la Llave,22/06/2021,18.97,8.19,14.28
Yucatán,22/06/2021,23.5,42.69,74.28
Zacatecas,22/06/2021,4.12,5.26,16.66
Aguascalientes,23/06/2021,16.23,9.09,0
Baja California,23/06/2021,16.21,16.21,11.36
Baja California Sur,23/06/2021,66.26,54.97,28.57
Campeche,23/06/2021,12.66,5.69,15.62
Chiapas,23/06/2021,4.09,5.28,2.12
Chihuahua,23/06/2021,9.3,7.31,4.54
Ciudad de México,23/06/2021,24.02,13.47,13.73
Coahuila de Zaragoza,23/06/2021,11.16,6.66,0
Colima,23/06/2021,11.34,25,0
Durango,23/06/2021,17.94,13.69,17.5
Guanajuato,23/06/2021,3.04,1.58,7.14
Guerrero,23/06/2021,7.33,6.79,7.69
Hidalgo,23/06/2021,15.12,8.39,6.66
Jalisco,23/06/2021,13.73,8.24,14
México,23/06/2021,12.27,7.35,15.92
Michoacán de Ocampo,23/06/2021,6.74,8.33,21.42
Morelos,23/06/2021,10.37,0,0
Nayarit,23/06/2021,20.95,11.62,0
Nuevo León,23/06/2021,25,15.29,29.46
Oaxaca,23/06/2021,22.66,19.19,65
Puebla,23/06/2021,10.93,6.94,20.89
Querétaro,23/06/2021,2.88,3.55,31.81
Quintana Roo,23/06/2021,42.47,19.67,27.86
San Luis Potosí,23/06/2021,12.14,7.14,22.22
Sinaloa,23/06/2021,29.95,17.59,22.22
Sonora,23/06/2021,32.27,26.62,38.46
Tabasco,23/06/2021,25.95,42.45,40.86
Tamaulipas,23/06/2021,34.33,18.35,34.06
Tlaxcala,23/06/2021,0.66,6.48,0
Veracruz de Ignacio de la Llave,23/06/2021,19.91,6.64,14.94
Yucatán,23/06/2021,24.06,40.11,75
Zacatecas,23/06/2021,2.97,4.65,11.11
Aguascalientes,24/06/2021,21.13,9.52,16.12
Baja California,24/06/2021,18.58,12.08,11.36
Baja California Sur,24/06/2021,75.83,79.48,14.28
Campeche,24/06/2021,10.23,4.09,3.33
Chiapas,24/06/2021,5.63,3.94,2.12
Chihuahua,24/06/2021,8.29,8.12,3.27
Ciudad de México,24/06/2021,24.01,14.66,13.52
Coahuila de Zaragoza,24/06/2021,8.3,6.08,0
Colima,24/06/2021,8.16,25,0
Durango,24/06/2021,27.05,8.1,19.14
Guanajuato,24/06/2021,2.88,1.87,9.8
Guerrero,24/06/2021,7.23,8.25,7.81
Hidalgo,24/06/2021,15.62,7.04,6.66
Jalisco,24/06/2021,13.26,7.86,15.04
México,24/06/2021,13.11,7.48,14.95
Michoacán de Ocampo,24/06/2021,6.87,8.15,18.18
Morelos,24/06/2021,11.11,0,0
Nayarit,24/06/2021,22.42,13.09,0
Nuevo León,24/06/2021,23.4,16.26,33.33
Oaxaca,24/06/2021,15.38,25.31,56.25
Puebla,24/06/2021,11.14,6.66,18.46
Querétaro,24/06/2021,5.03,1.58,18.18
Quintana Roo,24/06/2021,43.06,19.56,40.47
San Luis Potosí,24/06/2021,8.51,7.18,22.22
Sinaloa,24/06/2021,32.37,18.18,23.07
Sonora,24/06/2021,32.47,24.58,39.02
Tabasco,24/06/2021,27.33,40.39,41.3
Tamaulipas,24/06/2021,33.5,18.25,33.69
Tlaxcala,24/06/2021,2.64,5.55,0
Veracruz de Ignacio de la Llave,24/06/2021,20,6.81,12.94
Yucatán,24/06/2021,25.02,41.31,72.72
Zacatecas,24/06/2021,3.96,3.9,11.11
Aguascalientes,25/06/2021,18.1,8.39,0
Baja California,25/06/2021,16.3,14.07,16.66
Baja California Sur,25/06/2021,56.12,53.52,0
Campeche,25/06/2021,12,4.16,6.45
Chiapas,25/06/2021,6.36,3.59,2.12
Chihuahua,25/06/2021,7.57,7.14,4.54
Ciudad de México,25/06/2021,26.3,15.61,12.35
Coahuila de Zaragoza,25/06/2021,13.65,6.66,20
Colima,25/06/2021,14.43,21.66,33.33
Durango,25/06/2021,22.36,13.43,12.12
Guanajuato,25/06/2021,3.28,1.2,4.44
Guerrero,25/06/2021,7.83,6.04,5.12
Hidalgo,25/06/2021,15.27,6.2,6.66
Jalisco,25/06/2021,12.91,8.43,18.45
México,25/06/2021,12.32,8.27,16.07
Michoacán de Ocampo,25/06/2021,6.33,8.62,15.38
Morelos,25/06/2021,11.76,0,0
Nayarit,25/06/2021,21.1,12.79,0
Nuevo León,25/06/2021,19.77,17.78,30.09
Oaxaca,25/06/2021,18.28,21.59,65
Puebla,25/06/2021,11.39,5.97,18.64
Querétaro,25/06/2021,5.39,1.98,22.72
Quintana Roo,25/06/2021,40,16.94,26.66
San Luis Potosí,25/06/2021,10.13,9.3,23.07
Sinaloa,25/06/2021,34.42,19.02,38.29
Sonora,25/06/2021,33.76,24.59,40.81
Tabasco,25/06/2021,25.36,40.19,35.63
Tamaulipas,25/06/2021,35.28,19.08,34.4
Tlaxcala,25/06/2021,4.27,7.31,0
Veracruz de Ignacio de la Llave,25/06/2021,19.13,7.54,13.79
Yucatán,25/06/2021,25.6,44.97,71.87
Zacatecas,25/06/2021,3.96,3.12,5.55
Aguascalientes,26/06/2021,15.25,9.23,0
Baja California,26/06/2021,10.94,9.13,0
Baja California Sur,26/06/2021,61.09,55.81,14.28
Campeche,26/06/2021,12.18,4.95,9.67
Chiapas,26/06/2021,6.4,3.59,2.12
Chihuahua,26/06/2021,6.98,5.38,1.85
Ciudad de México,26/06/2021,24.62,13.97,10.03
Coahuila de Zaragoza,26/06/2021,12.13,5.21,20
Colima,26/06/2021,20.68,21.42,0
Durango,26/06/2021,19.75,11.25,10.86
Guanajuato,26/06/2021,3.17,1.77,7.14
Guerrero,26/06/2021,8.05,5.85,6.25
Hidalgo,26/06/2021,15.49,5.51,6.66
Jalisco,26/06/2021,13.53,8.56,15.66
México,26/06/2021,12.01,7.81,16.54
Michoacán de Ocampo,26/06/2021,4.03,8.48,15.38
Morelos,26/06/2021,8.48,0,0
Nayarit,26/06/2021,22.36,11.11,0
Nuevo León,26/06/2021,29.92,15.73,34.38
Oaxaca,26/06/2021,19.4,23.17,56.25
Puebla,26/06/2021,10.55,5.55,15.87
Querétaro,26/06/2021,4.67,1.98,22.72
Quintana Roo,26/06/2021,38.95,18.41,28.81
San Luis Potosí,26/06/2021,9.97,9.92,18.51
Sinaloa,26/06/2021,30.01,21.86,30.76
Sonora,26/06/2021,35.21,28.48,45.23
Tabasco,26/06/2021,33.26,33.33,36.76
Tamaulipas,26/06/2021,33.07,16.3,30.76
Tlaxcala,26/06/2021,8.62,7.5,0
Veracruz de Ignacio de la Llave,26/06/2021,19.14,7.76,15.47
Yucatán,26/06/2021,25,45.18,71.87
Zacatecas,26/06/2021,3.92,3.12,5.55
Aguascalientes,27/06/2021,19.16,9.37,0
Baja California,27/06/2021,10.17,8.54,26.92
Baja California Sur,27/06/2021,62.92,58.41,28.57
Campeche,27/06/2021,12.6,8.13,15.62
Chiapas,27/06/2021,7.18,4.33,2.12
Chihuahua,27/06/2021,9.07,6.43,1.51
Ciudad de México,27/06/2021,25.91,15.27,11.03
Coahuila de Zaragoza,27/06/2021,10.1,5.26,33.33
Colima,27/06/2021,10.12,31.25,0
Durango,27/06/2021,21.79,9.63,10.86
Guanajuato,27/06/2021,3.36,1.99,7.69
Guerrero,27/06/2021,9.77,6.11,11.36
Hidalgo,27/06/2021,14.38,8.16,6.66
Jalisco,27/06/2021,13.35,8.52,12.68
México,27/06/2021,12.86,8.52,17.85
Michoacán de Ocampo,27/06/2021,4.57,8.37,15.38
Morelos,27/06/2021,8.11,0,0
Nayarit,27/06/2021,19.26,13.09,0
Nuevo León,27/06/2021,26.86,18.03,37.5
Oaxaca,27/06/2021,18.38,17.56,45.45
Puebla,27/06/2021,11.42,5.33,19.69
Querétaro,27/06/2021,4.67,1.98,22.72
Quintana Roo,27/06/2021,41.44,18.72,42.5
San Luis Potosí,27/06/2021,8.65,8.82,18.51
Sinaloa,27/06/2021,30.91,26.31,28.57
Sonora,27/06/2021,32.36,26.25,45.23
Tabasco,27/06/2021,29.67,32.85,34.09
Tamaulipas,27/06/2021,40.24,19.54,34.78
Tlaxcala,27/06/2021,6.03,10,0
Veracruz de Ignacio de la Llave,27/06/2021,19.77,8.45,17.2
Yucatán,27/06/2021,24.55,43.35,68.75
Zacatecas,27/06/2021,3.92,3.12,5.55
Aguascalientes,28/06/2021,20.83,6.97,9.67
Baja California,28/06/2021,12.67,8.22,0
Baja California Sur,28/06/2021,61.14,58.49,14.28
Campeche,28/06/2021,10.88,7.25,6.66
Chiapas,28/06/2021,8.17,3.94,2.12
Chihuahua,28/06/2021,9.25,7.31,1.53
Ciudad de México,28/06/2021,28.15,21.67,27.76
Coahuila de Zaragoza,28/06/2021,9.7,4,0
Colima,28/06/2021,15.78,21.31,100
Durango,28/06/2021,25.28,11.29,25.8
Guanajuato,28/06/2021,3.42,1.68,7.84
Guerrero,28/06/2021,9.56,6.39,8.62
Hidalgo,28/06/2021,14.33,7.48,6.66
Jalisco,28/06/2021,14.6,9.45,13.39
México,28/06/2021,13.45,8.18,16.21
Michoacán de Ocampo,28/06/2021,4.77,8.33,15.38
Morelos,28/06/2021,6.36,4.25,0
Nayarit,28/06/2021,21.92,13.58,0
Nuevo León,28/06/2021,20.64,16.7,28.57
Oaxaca,28/06/2021,19.28,26.5,55.55
Puebla,28/06/2021,11.55,4.25,16.92
Querétaro,28/06/2021,4.67,1.98,22.72
Quintana Roo,28/06/2021,42.04,18.98,28.81
San Luis Potosí,28/06/2021,9.24,11.27,18.51
Sinaloa,28/06/2021,31.12,24.88,31.94
Sonora,28/06/2021,34.58,27.02,38.09
Tabasco,28/06/2021,29.68,37.29,31.81
Tamaulipas,28/06/2021,37.47,23.07,31.16
Tlaxcala,28/06/2021,6.36,8.97,0
Veracruz de Ignacio de la Llave,28/06/2021,19.97,7.66,18.82
Yucatán,28/06/2021,23.76,48.85,67.85
Zacatecas,28/06/2021,4.95,3.12,5.55
Aguascalientes,29/06/2021,23.72,6.92,9.67
Baja California,29/06/2021,16.15,12.71,9.3
Baja California Sur,29/06/2021,66.32,58.6,14.28
Campeche,29/06/2021,14.94,9.75,15.62
Chiapas,29/06/2021,7.71,5.86,2.32
Chihuahua,29/06/2021,10.49,7.42,4.28
Ciudad de México,29/06/2021,31.78,20.98,15.59
Coahuila de Zaragoza,29/06/2021,9.62,4.69,0
Colima,29/06/2021,11.45,22.58,100
Durango,29/06/2021,29.26,9.45,10.25
Guanajuato,29/06/2021,2.52,2.05,8.92
Guerrero,29/06/2021,9.91,4.18,5.12
Hidalgo,29/06/2021,14.44,7.23,16.66
Jalisco,29/06/2021,15.23,10.94,14.5
México,29/06/2021,14.61,9.14,18.1
Michoacán de Ocampo,29/06/2021,5.96,7.45,7.69
Morelos,29/06/2021,7.46,4.25,0
Nayarit,29/06/2021,25.86,14.47,0
Nuevo León,29/06/2021,22.4,16.27,32.59
Oaxaca,29/06/2021,19.44,16.98,25
Puebla,29/06/2021,11.53,3.57,19.4
Querétaro,29/06/2021,3.19,2.37,27.27
Quintana Roo,29/06/2021,43.18,20.92,33.33
San Luis Potosí,29/06/2021,11.86,8.63,15.38
Sinaloa,29/06/2021,37.07,24.76,29.57
Sonora,29/06/2021,36.55,29.53,40
Tabasco,29/06/2021,25.74,21.84,37.64
Tamaulipas,29/06/2021,41.83,23.76,41.48
Tlaxcala,29/06/2021,5.4,11.68,0
Veracruz de Ignacio de la Llave,29/06/2021,20.42,10.71,22.22
Yucatán,29/06/2021,24.46,49.17,76.66
Zacatecas,29/06/2021,7.92,3.12,5.55
Aguascalientes,30/06/2021,22.95,8.73,12.9
Baja California,30/06/2021,16.5,12.54,10.86
Baja California Sur,30/06/2021,67.37,58.03,14.28
Campeche,30/06/2021,15.48,8.14,15.62
Chiapas,30/06/2021,8.24,6.13,2.12
Chihuahua,30/06/2021,9.9,7.64,8.77
Ciudad de México,30/06/2021,31.47,26.17,21.8
Coahuila de Zaragoza,30/06/2021,9.59,6.8,0
Colima,30/06/2021,12.87,22.03,100
Durango,30/06/2021,29.26,9.75,12.5
Guanajuato,30/06/2021,2.07,1.59,10
Guerrero,30/06/2021,8.69,4.61,5.12
Hidalgo,30/06/2021,17.15,12.14,33.33
Jalisco,30/06/2021,16.36,9.25,13.65
México,30/06/2021,14.34,9.18,23.65
Michoacán de Ocampo,30/06/2021,5.97,7.58,7.69
Morelos,30/06/2021,4.5,0,0
Nayarit,30/06/2021,24.13,17.72,0
Nuevo León,30/06/2021,22.12,16.7,28.68
Oaxaca,30/06/2021,22.78,21.05,50
Puebla,30/06/2021,11.71,2.85,21.73
Querétaro,30/06/2021,3.55,2.4,27.27
Quintana Roo,30/06/2021,42.13,20.17,33.33
San Luis Potosí,30/06/2021,8.1,10.44,15.38
Sinaloa,30/06/2021,36.65,26.02,29.72
Sonora,30/06/2021,38.54,27.22,45.45
Tabasco,30/06/2021,26.9,33.33,34.44
Tamaulipas,30/06/2021,40.14,25.11,40.62
Tlaxcala,30/06/2021,6.3,11.68,0
Veracruz de Ignacio de la Llave,30/06/2021,21.02,12.08,25.55
Yucatán,30/06/2021,23.49,51.72,81.48
Zacatecas,30/06/2021,6.06,4.61,16.66
Aguascalientes,01/07/2021,23.93,6.87,12.9
Baja California,01/07/2021,15.78,10.56,10.86
Baja California Sur,01/07/2021,68.68,56.95,28.57
Campeche,01/07/2021,16.58,9.02,18.75
Chiapas,01/07/2021,7.19,6.45,2.12
Chihuahua,01/07/2021,9.52,7.14,8.33
Ciudad de México,01/07/2021,35.72,19.44,13.89
Coahuila de Zaragoza,01/07/2021,10.98,6.89,0
Colima,01/07/2021,10.1,23.72,100
Durango,01/07/2021,28.37,11.47,12
Guanajuato,01/07/2021,1.87,1.46,7.14
Guerrero,01/07/2021,10.19,5.23,3.84
Hidalgo,01/07/2021,16.59,12.05,33.33
Jalisco,01/07/2021,14.65,10.95,14.45
México,01/07/2021,15.38,9.96,27.95
Michoacán de Ocampo,01/07/2021,7.09,8.37,7.69
Morelos,01/07/2021,7.8,6.52,0
Nayarit,01/07/2021,27.27,15.38,0
Nuevo León,01/07/2021,25.93,16.22,38.46
Oaxaca,01/07/2021,23.89,25.58,42.85
Puebla,01/07/2021,10.27,4.28,14.28
Querétaro,01/07/2021,4.98,2,22.72
Quintana Roo,01/07/2021,42.6,19.49,33.33
San Luis Potosí,01/07/2021,7.37,8.33,8.33
Sinaloa,01/07/2021,36.41,31.36,40
Sonora,01/07/2021,36.53,26.25,38.09
Tabasco,01/07/2021,27.97,33.86,32.95
Tamaulipas,01/07/2021,39.13,25.11,45.26
Tlaxcala,01/07/2021,4.58,10.12,0
Veracruz de Ignacio de la Llave,01/07/2021,21.95,13.14,24.46
Yucatán,01/07/2021,23.54,44.15,90.62
Zacatecas,01/07/2021,9,4.61,16.66
Aguascalientes,02/07/2021,22.22,6.87,12.9
Baja California,02/07/2021,17.51,14.9,15.38
Baja California Sur,02/07/2021,67.79,58.66,28.57
Campeche,02/07/2021,14.83,9.02,15.62
Chiapas,02/07/2021,5.61,6.4,2.12
Chihuahua,02/07/2021,8.67,5.46,7.14
Ciudad de México,02/07/2021,32.37,19.85,12.96
Coahuila de Zaragoza,02/07/2021,10.11,7.53,0
Colima,02/07/2021,10.12,21.81,0
Durango,02/07/2021,25.97,11.76,10.63
Guanajuato,02/07/2021,2.17,1.63,5.35
Guerrero,02/07/2021,12.99,6.81,3.44
Hidalgo,02/07/2021,16.53,13.13,33.33
Jalisco,02/07/2021,15.48,10.59,14.57
México,02/07/2021,15.62,9.38,22.52
Michoacán de Ocampo,02/07/2021,7.8,8.16,7.69
Morelos,02/07/2021,8.58,6.38,0
Nayarit,02/07/2021,25.83,17.8,100
Nuevo León,02/07/2021,23.73,15.3,31.72
Oaxaca,02/07/2021,23.22,25,40
Puebla,02/07/2021,11.59,3.7,21.73
Querétaro,02/07/2021,5.3,2.02,22.72
Quintana Roo,02/07/2021,40.17,21,48.78
San Luis Potosí,02/07/2021,6.49,7.35,4.34
Sinaloa,02/07/2021,36.23,26.28,29.72
Sonora,02/07/2021,35.81,24.5,38.29
Tabasco,02/07/2021,26.55,32.48,33.33
Tamaulipas,02/07/2021,37.41,25.21,44.44
Tlaxcala,02/07/2021,3.7,8.75,0
Veracruz de Ignacio de la Llave,02/07/2021,23,15.14,31.11
Yucatán,02/07/2021,25.52,47.95,89.65
Zacatecas,02/07/2021,4.95,4.61,16.66
Aguascalientes,03/07/2021,16.94,6.97,12.9
Baja California,03/07/2021,10.6,8.5,9.09
Baja California Sur,03/07/2021,68.72,57.96,14.28
Campeche,03/07/2021,15.31,8.73,13.33
Chiapas,03/07/2021,5.4,7.06,2.12
Chihuahua,03/07/2021,7.79,3.89,3.84
Ciudad de México,03/07/2021,33.82,21.09,10.2
Coahuila de Zaragoza,03/07/2021,7.31,6.89,0
Colima,03/07/2021,15.66,17.3,0
Durango,03/07/2021,25,14.11,13.04
Guanajuato,03/07/2021,2.64,1.96,4.91
Guerrero,03/07/2021,13.62,6.79,4.54
Hidalgo,03/07/2021,16.12,13.23,33.33
Jalisco,03/07/2021,15.61,10.63,13.59
México,03/07/2021,15.66,9.35,18.69
Michoacán de Ocampo,03/07/2021,8.93,8.54,10.52
Morelos,03/07/2021,8.88,6.81,0
Nayarit,03/07/2021,28.57,18.05,100
Nuevo León,03/07/2021,26.54,15.58,38.49
Oaxaca,03/07/2021,23.41,21.73,55.55
Puebla,03/07/2021,11.11,3.73,20.58
Querétaro,03/07/2021,4.59,2.02,22.72
Quintana Roo,03/07/2021,38.66,21.36,48.78
San Luis Potosí,03/07/2021,8.24,7.74,4.34
Sinaloa,03/07/2021,34.72,28.25,28.37
Sonora,03/07/2021,33.42,24.48,37.77
Tabasco,03/07/2021,30.01,26.6,39.13
Tamaulipas,03/07/2021,38.66,24.13,46.31
Tlaxcala,03/07/2021,4.54,8.97,0
Veracruz de Ignacio de la Llave,03/07/2021,25.1,12.7,29.34
Yucatán,03/07/2021,26.18,50.87,93.1
Zacatecas,03/07/2021,2.97,4.61,16.66
Aguascalientes,04/07/2021,14.16,7.75,16.12
Baja California,04/07/2021,10.61,8.37,6.25
Baja California Sur,04/07/2021,69.59,56.63,14.28
Campeche,04/07/2021,14.8,8.66,13.33
Chiapas,04/07/2021,5.94,7.09,2.12
Chihuahua,04/07/2021,10.32,7.92,6.25
Ciudad de México,04/07/2021,39.5,17.16,10.33
Coahuila de Zaragoza,04/07/2021,5.05,2.67,0
Colima,04/07/2021,11.11,20.37,0
Durango,04/07/2021,27.84,13.09,15.21
Guanajuato,04/07/2021,2.12,1.79,6.38
Guerrero,04/07/2021,14.4,6.87,4.54
Hidalgo,04/07/2021,17.07,14.49,41.17
Jalisco,04/07/2021,17.2,11.46,14.49
México,04/07/2021,15.51,9.65,20.35
Michoacán de Ocampo,04/07/2021,11.51,8.37,14.28
Morelos,04/07/2021,7.4,6.66,0
Nayarit,04/07/2021,29.66,21.42,0
Nuevo León,04/07/2021,21.65,15.02,30.76
Oaxaca,04/07/2021,24.81,22.38,40
Puebla,04/07/2021,12.3,3.35,14.28
Querétaro,04/07/2021,6.01,2.72,30.76
Quintana Roo,04/07/2021,41.48,25.11,48.78
San Luis Potosí,04/07/2021,9.73,7.51,4.34
Sinaloa,04/07/2021,38.21,28.95,26.66
Sonora,04/07/2021,33.04,25,42.5
Tabasco,04/07/2021,29.46,26.6,39.13
Tamaulipas,04/07/2021,39.05,26,50
Tlaxcala,04/07/2021,4.54,8.97,0
Veracruz de Ignacio de la Llave,04/07/2021,28.2,13,25.51
Yucatán,04/07/2021,27.82,53.21,89.65
Zacatecas,04/07/2021,5,5.38,16.66
Aguascalientes,05/07/2021,15.12,7.81,15.12
Baja California,05/07/2021,18.76,11.83,18.76
Baja California Sur,05/07/2021,70.19,59.72,70.19
Campeche,05/07/2021,16.93,13.53,16.93
Chiapas,05/07/2021,6.7,7.39,6.7
Chihuahua,05/07/2021,10.81,6.58,10.81
Ciudad de México,05/07/2021,41.08,20.98,41.08
Coahuila de Zaragoza,05/07/2021,8.75,2.08,8.75
Colima,05/07/2021,14.58,22.58,14.58
Durango,05/07/2021,30.12,13.25,30.12
Guanajuato,05/07/2021,2.43,2.05,2.43
Guerrero,05/07/2021,16.01,6.85,16.01
Hidalgo,05/07/2021,18,15.07,18
Jalisco,05/07/2021,17.2,10.95,17.2
México,05/07/2021,16.78,11.14,16.78
Michoacán de Ocampo,05/07/2021,10.62,8.12,10.62
Morelos,05/07/2021,7.4,6.66,7.4
Nayarit,05/07/2021,30.4,20.58,30.4
Nuevo León,05/07/2021,25.64,17.26,25.64
Oaxaca,05/07/2021,26.95,28.39,26.95
Puebla,05/07/2021,13.17,3.71,13.17
Querétaro,05/07/2021,4.6,2.41,4.6
Quintana Roo,05/07/2021,40.5,21,40.5
San Luis Potosí,05/07/2021,8.31,7.69,8.31
Sinaloa,05/07/2021,42.88,25.11,42.88
Sonora,05/07/2021,35.55,21.5,35.55
Tabasco,05/07/2021,28.54,30.41,28.54
Tamaulipas,05/07/2021,38.21,23.11,38.21
Tlaxcala,05/07/2021,3.63,10.25,3.63
Veracruz de Ignacio de la Llave,05/07/2021,27.81,16.45,27.81
Yucatán,05/07/2021,22.36,44.15,22.36
Zacatecas,05/07/2021,6,4.61,6
Aguascalientes,06/07/2021,17.3,8.08,33.33
Baja California,06/07/2021,19.09,12.5,15.78
Baja California Sur,06/07/2021,69.2,58.84,0
Campeche,06/07/2021,14.44,13.49,13.33
Chiapas,06/07/2021,6.86,7.58,2.12
Chihuahua,06/07/2021,7.98,7.05,7.69
Ciudad de México,06/07/2021,37.48,25.46,15.42
Coahuila de Zaragoza,06/07/2021,6.51,2.11,20
Colima,06/07/2021,15.46,21.66,33.33
Durango,06/07/2021,28.73,10.12,19.14
Guanajuato,06/07/2021,2.33,1.42,7.14
Guerrero,06/07/2021,17.84,7.48,5.76
Hidalgo,06/07/2021,19.35,15.32,41.17
Jalisco,06/07/2021,20.24,10.2,15.53
México,06/07/2021,18.19,10.35,22.52
Michoacán de Ocampo,06/07/2021,11.29,11.5,7.69
Morelos,06/07/2021,6.61,4.44,0
Nayarit,06/07/2021,25.6,25,100
Nuevo León,06/07/2021,23.66,19.87,33.96
Oaxaca,06/07/2021,38.35,35.84,63.63
Puebla,06/07/2021,12.17,4.46,15.62
Querétaro,06/07/2021,6.76,1.61,18.18
Quintana Roo,06/07/2021,40.38,20.6,35.48
San Luis Potosí,06/07/2021,10.27,6.06,0
Sinaloa,06/07/2021,42.3,28.26,33.33
Sonora,06/07/2021,34.43,22.38,26.92
Tabasco,06/07/2021,29.95,30.5,32.2
Tamaulipas,06/07/2021,37.82,22.16,42.52
Tlaxcala,06/07/2021,3.63,8.97,0
Veracruz de Ignacio de la Llave,06/07/2021,27.8,17.24,31.86
Yucatán,06/07/2021,22.86,58.2,77.77
Zacatecas,06/07/2021,6,4.61,11.11
Aguascalientes,07/07/2021,22.42,7.36,33.33
Baja California,07/07/2021,18.46,11.64,15.78
Baja California Sur,07/07/2021,69.96,54.38,14.28
Campeche,07/07/2021,13.62,13.63,13.33
Chiapas,07/07/2021,6.95,5.77,2.12
Chihuahua,07/07/2021,8.81,5.35,7.69
Ciudad de México,07/07/2021,35.6,25.88,16.71
Coahuila de Zaragoza,07/07/2021,8.42,2.11,14.28
Colima,07/07/2021,18.55,21.66,33.33
Durango,07/07/2021,26.58,16.17,27.27
Guanajuato,07/07/2021,3.01,2.38,9.09
Guerrero,07/07/2021,21.79,9.35,12.06
Hidalgo,07/07/2021,23.69,14.7,41.17
Jalisco,07/07/2021,21.52,10.86,15.92
México,07/07/2021,20.6,11.17,29.09
Michoacán de Ocampo,07/07/2021,12.44,11.5,7.69
Morelos,07/07/2021,8.16,4.76,100
Nayarit,07/07/2021,29.6,22.05,100
Nuevo León,07/07/2021,26.58,20.85,39.77
Oaxaca,07/07/2021,30.7,26.15,27.27
Puebla,07/07/2021,11.73,5.26,20.58
Querétaro,07/07/2021,7.14,2.4,27.27
Quintana Roo,07/07/2021,39.6,20,35.48
San Luis Potosí,07/07/2021,8.84,7.69,0
Sinaloa,07/07/2021,43.11,31.9,58.47
Sonora,07/07/2021,34.18,25,35.55
Tabasco,07/07/2021,27.12,31.57,35.89
Tamaulipas,07/07/2021,37.09,22.58,45.45
Tlaxcala,07/07/2021,3.6,7.69,0
Veracruz de Ignacio de la Llave,07/07/2021,28.17,18.77,34.44
Yucatán,07/07/2021,23.02,56.17,79.31
Zacatecas,07/07/2021,7.92,3.07,11.11
Aguascalientes,08/07/2021,20.38,7.14,33.33
Baja California,08/07/2021,18.58,13.61,17.94
Baja California Sur,08/07/2021,71.66,54.78,28.57
Campeche,08/07/2021,13.05,13.13,13.33
Chiapas,08/07/2021,8.09,7.38,2.12
Chihuahua,08/07/2021,9.61,5.29,10.93
Ciudad de México,08/07/2021,37.04,32.59,27.3
Coahuila de Zaragoza,08/07/2021,9,0.88,20
Colima,08/07/2021,23.23,20.33,33.33
Durango,08/07/2021,26.74,17.24,30.76
Guanajuato,08/07/2021,3.2,2.21,7.14
Guerrero,08/07/2021,22.28,10.11,15.51
Hidalgo,08/07/2021,17.8,7.27,71.42
Jalisco,08/07/2021,22.05,11.24,17.87
México,08/07/2021,21.73,10.88,23.07
Michoacán de Ocampo,08/07/2021,14.69,6.52,100
Morelos,08/07/2021,8.75,11.55,34.65
Nayarit,08/07/2021,30.4,25,100
Nuevo León,08/07/2021,26.6,20,38.75
Oaxaca,08/07/2021,31.15,36,50
Puebla,08/07/2021,11.7,5.72,20.89
Querétaro,08/07/2021,9.25,2.82,31.81
Quintana Roo,08/07/2021,37.42,18.69,34.92
San Luis Potosí,08/07/2021,10.05,8.4,8.33
Sinaloa,08/07/2021,43.69,32.31,34.4
Sonora,08/07/2021,37.79,27.48,53.33
Tabasco,08/07/2021,27.71,28.48,41.66
Tamaulipas,08/07/2021,36.86,17.78,35.71
Tlaxcala,08/07/2021,7.46,8.21,0
Veracruz de Ignacio de la Llave,08/07/2021,28.65,19.26,34.06
Yucatán,08/07/2021,23,55.17,79.31
Zacatecas,08/07/2021,8.91,3.07,11.11
Aguascalientes,09/07/2021,21.35,8.08,33.33
Baja California,09/07/2021,17.85,12.64,17.94
Baja California Sur,09/07/2021,64.49,57.07,33.33
Campeche,09/07/2021,10.98,14.38,13.33
Chiapas,09/07/2021,8.37,7.35,2.12
Chihuahua,09/07/2021,10.76,5.88,12.5
Ciudad de México,09/07/2021,39.06,29.65,22.7
Coahuila de Zaragoza,09/07/2021,7.61,0,0
Colima,09/07/2021,22.22,21.05,0
Durango,09/07/2021,32.95,15.87,25
Guanajuato,09/07/2021,4.09,2.09,5.35
Guerrero,09/07/2021,24.47,11.24,15.51
Hidalgo,09/07/2021,28,13.63,33.33
Jalisco,09/07/2021,21.94,12.05,16.5
México,09/07/2021,13.62,9.69,0
Michoacán de Ocampo,09/07/2021,10.69,4.54,0
Morelos,09/07/2021,21.58,14.37,38.29
Nayarit,09/07/2021,33.6,30,100
Nuevo León,09/07/2021,25.34,20.21,38.32
Oaxaca,09/07/2021,31.78,36.11,50
Puebla,09/07/2021,12.29,7.11,13.11
Querétaro,09/07/2021,8.04,2.47,27.27
Quintana Roo,09/07/2021,39.76,18.18,37.5
San Luis Potosí,09/07/2021,10.19,8.33,4.16
Sinaloa,09/07/2021,42.37,34.8,40
Sonora,09/07/2021,41.09,25,39.58
Tabasco,09/07/2021,25.2,31.39,46.66
Tamaulipas,09/07/2021,36.54,16.82,34.52
Tlaxcala,09/07/2021,10.14,12.67,0
Veracruz de Ignacio de la Llave,09/07/2021,27.47,19.71,31.86
Yucatán,09/07/2021,22.07,53.88,78.57
Zacatecas,09/07/2021,8.91,3.07,11.11
Aguascalientes,10/07/2021,21.9,7.21,33.33
Baja California,10/07/2021,16.18,12.15,10.81
Baja California Sur,10/07/2021,65.34,57.82,41.66
Campeche,10/07/2021,12.64,15.6,13.33
Chiapas,10/07/2021,7.57,7.01,2.12
Chihuahua,10/07/2021,9.79,6.13,12.5
Ciudad de México,10/07/2021,39.66,27.28,19.68
Coahuila de Zaragoza,10/07/2021,7.84,0.86,0
Colima,10/07/2021,24.35,21.05,0
Durango,10/07/2021,31.7,16.17,25
Guanajuato,10/07/2021,4.22,1.92,3.57
Guerrero,10/07/2021,28.11,13.75,25
Hidalgo,10/07/2021,28.57,13.95,13.33
Jalisco,10/07/2021,22.47,12.52,16.5
México,10/07/2021,14.25,10.25,32.74
Michoacán de Ocampo,10/07/2021,12.87,8.51,7.69
Morelos,10/07/2021,24.92,13.04,0
Nayarit,10/07/2021,31.96,32.85,100
Nuevo León,10/07/2021,28.75,24.38,45.38
Oaxaca,10/07/2021,29.28,32.39,30.76
Puebla,10/07/2021,11.74,6.31,19.4
Querétaro,10/07/2021,7.66,2.47,27.27
Quintana Roo,10/07/2021,37.72,20.43,48.88
San Luis Potosí,10/07/2021,12.83,8.14,3.84
Sinaloa,10/07/2021,42.25,38.63,43.58
Sonora,10/07/2021,43.2,28.22,55.55
Tabasco,10/07/2021,23.72,25.12,40.74
Tamaulipas,10/07/2021,36.65,16.89,38.63
Tlaxcala,10/07/2021,10.29,13.88,0
Veracruz de Ignacio de la Llave,10/07/2021,30.42,20.31,34.34
Yucatán,10/07/2021,22.27,52.4,66.66
Zacatecas,10/07/2021,6,3.07,11.11
Aguascalientes,11/07/2021,23.52,7.29,26.66
Baja California,11/07/2021,20,12.13,5.55
Baja California Sur,11/07/2021,69.65,55.37,27.27
Campeche,11/07/2021,12.2,15.21,10
Chiapas,11/07/2021,9.11,6.79,2.27
Chihuahua,11/07/2021,10.96,6.54,14.06
Ciudad de México,11/07/2021,45.88,30.57,25
Coahuila de Zaragoza,11/07/2021,7.21,1.73,33.33
Colima,11/07/2021,22.98,18.96,0
Durango,11/07/2021,32,18.05,25
Guanajuato,11/07/2021,3.66,2.49,7.4
Guerrero,11/07/2021,29.58,20,38.46
Hidalgo,11/07/2021,27.49,14.75,16.66
Jalisco,11/07/2021,24.19,13.8,17.07
México,11/07/2021,14.95,8.67,7.69
Michoacán de Ocampo,11/07/2021,14.63,8.88,0
Morelos,11/07/2021,26.69,13.24,31.85
Nayarit,11/07/2021,41.98,28.33,100
Nuevo León,11/07/2021,28.24,22.04,40.75
Oaxaca,11/07/2021,32.87,35.06,38.88
Puebla,11/07/2021,12.83,5.99,19.4
Querétaro,11/07/2021,10.13,2.47,27.27
Quintana Roo,11/07/2021,37.12,19.44,33.33
San Luis Potosí,11/07/2021,11.68,7.35,4.16
Sinaloa,11/07/2021,47.5,38.13,45
Sonora,11/07/2021,44.72,30.92,53.12
Tabasco,11/07/2021,22.88,26.76,43.03
Tamaulipas,11/07/2021,36.94,16.5,31.16
Tlaxcala,11/07/2021,10.44,12.82,0
Veracruz de Ignacio de la Llave,11/07/2021,31.59,20.66,46.66
Yucatán,11/07/2021,20.96,51.87,72.22
Zacatecas,11/07/2021,7.07,2.3,11.11
Aguascalientes,12/07/2021,27.55,8.86,20
Baja California,12/07/2021,17.69,14.39,10.81
Baja California Sur,12/07/2021,66.32,56.96,25
Campeche,12/07/2021,10.65,15.97,16.12
Chiapas,12/07/2021,10.9,7.89,2.12
Chihuahua,12/07/2021,12.58,6.5,14.06
Ciudad de México,12/07/2021,48.47,37.23,31.04
Coahuila de Zaragoza,12/07/2021,9.02,4.6,28.57
Colima,12/07/2021,31.03,19.29,0
Durango,12/07/2021,24.7,15.62,21.87
Guanajuato,12/07/2021,3.72,2.03,10
Guerrero,12/07/2021,34.34,12.37,20.68
Hidalgo,12/07/2021,28.85,13.63,13.33
Jalisco,12/07/2021,26.86,13.24,15.63
México,12/07/2021,15.12,13.99,7.69
Michoacán de Ocampo,12/07/2021,16.5,9.54,0
Morelos,12/07/2021,26.06,9.09,28.72
Nayarit,12/07/2021,44.53,26.56,100
Nuevo León,12/07/2021,26.31,24.89,37.73
Oaxaca,12/07/2021,31.57,37.03,41.17
Puebla,12/07/2021,12.53,7.08,20.58
Querétaro,12/07/2021,12.58,2.89,31.81
Quintana Roo,12/07/2021,41.07,15.89,33.33
San Luis Potosí,12/07/2021,10.64,7.57,0
Sinaloa,12/07/2021,52.46,40.86,48.78
Sonora,12/07/2021,41.53,24.74,44
Tabasco,12/07/2021,23.4,33.87,39.47
Tamaulipas,12/07/2021,34.64,18.38,35.95
Tlaxcala,12/07/2021,12.67,11.39,0
Veracruz de Ignacio de la Llave,12/07/2021,31.69,20.64,39
Yucatán,12/07/2021,19.24,54.22,82.14
Zacatecas,12/07/2021,7.21,2.3,11.11
Aguascalientes,13/07/2021,23.46,8.86,26.66
Baja California,13/07/2021,19.35,14.62,10.81
Baja California Sur,13/07/2021,65.04,58.29,0
Campeche,13/07/2021,11.96,16.42,16.12
Chiapas,13/07/2021,11.34,8.27,2.12
Chihuahua,13/07/2021,12.5,5.42,15.62
Ciudad de México,13/07/2021,51.94,37.2,30.08
Coahuila de Zaragoza,13/07/2021,9.01,3.44,40
Colima,13/07/2021,29.47,24.59,100
Durango,13/07/2021,32.92,12.5,18.75
Guanajuato,13/07/2021,4.22,2.07,12.28
Guerrero,13/07/2021,37.05,12.56,18.96
Hidalgo,13/07/2021,31.22,15.87,37.5
Jalisco,13/07/2021,28.67,16.37,16.93
México,13/07/2021,29.5,17.51,35.65
Michoacán de Ocampo,13/07/2021,17.16,9.94,7.69
Morelos,13/07/2021,20,10,0
Nayarit,13/07/2021,41.4,33.84,100
Nuevo León,13/07/2021,30.25,22.93,35.03
Oaxaca,13/07/2021,34.92,38.29,50
Puebla,13/07/2021,11.78,6.85,20.58
Querétaro,13/07/2021,14.78,3.26,36.36
Quintana Roo,13/07/2021,42.33,16.38,28.57
San Luis Potosí,13/07/2021,10.67,9.84,0
Sinaloa,13/07/2021,53.26,40.66,48.8
Sonora,13/07/2021,44.06,26.25,46.66
Tabasco,13/07/2021,23.44,35.05,46.29
Tamaulipas,13/07/2021,36.28,18.13,32.92
Tlaxcala,13/07/2021,11.84,10.97,0
Veracruz de Ignacio de la Llave,13/07/2021,31.18,24.22,40
Yucatán,13/07/2021,20.11,55.55,74.07
Zacatecas,13/07/2021,10.2,2.3,11.11
Aguascalientes,14/07/2021,23,8.97,26.66
Baja California,14/07/2021,20.57,13.24,13.51
Baja California Sur,14/07/2021,61.21,57.07,45.45
Campeche,14/07/2021,13.61,16.54,15.62
Chiapas,14/07/2021,10.64,8.99,2.12
Chihuahua,14/07/2021,11.59,7.36,15.62
Ciudad de México,14/07/2021,51.74,33.73,26.48
Coahuila de Zaragoza,14/07/2021,9.09,4.57,28.57
Colima,14/07/2021,27.27,22.41,100
Durango,14/07/2021,36.47,10.29,18.18
Guanajuato,14/07/2021,4.53,2.51,12.28
Guerrero,14/07/2021,39.47,16.93,24.59
Hidalgo,14/07/2021,34.4,13.93,50
Jalisco,14/07/2021,26.73,15.12,29.24
México,14/07/2021,30.48,19.96,41.05
Michoacán de Ocampo,14/07/2021,17,9.74,14.28
Morelos,14/07/2021,18.66,12.5,0
Nayarit,14/07/2021,43.1,22.36,0
Nuevo León,14/07/2021,35.4,28.92,48.06
Oaxaca,14/07/2021,34.84,39,50
Puebla,14/07/2021,11.61,6.85,23.94
Querétaro,14/07/2021,15.73,4.54,50
Quintana Roo,14/07/2021,41.98,18.13,39.53
San Luis Potosí,14/07/2021,11.01,7.4,0
Sinaloa,14/07/2021,51.13,47.13,51.85
Sonora,14/07/2021,43.86,25.38,45.65
Tabasco,14/07/2021,25.95,32.96,46.77
Tamaulipas,14/07/2021,35.09,19.41,33.68
Tlaxcala,14/07/2021,17.1,7.22,0
Veracruz de Ignacio de la Llave,14/07/2021,31.23,27.83,43.01
Yucatán,14/07/2021,21.3,59.11,80
Zacatecas,14/07/2021,8.91,2.3,11.11
Aguascalientes,15/07/2021,19.19,9.75,35
Baja California,15/07/2021,20.4,14.14,12.28
Baja California Sur,15/07/2021,58.06,56.19,54.54
Campeche,15/07/2021,10.67,14.06,3.84
Chiapas,15/07/2021,9.3,9.15,2.12
Chihuahua,15/07/2021,14.09,6.32,14.06
Ciudad de México,15/07/2021,52.82,39.25,33.51
Coahuila de Zaragoza,15/07/2021,9.84,2.64,28.57
Colima,15/07/2021,25.22,33.33,100
Durango,15/07/2021,30.68,12.5,21.87
Guanajuato,15/07/2021,5.21,2.96,10.52
Guerrero,15/07/2021,39.2,20.78,25.39
Hidalgo,15/07/2021,42.46,14.65,50
Jalisco,15/07/2021,29.87,17.42,24.75
México,15/07/2021,31.04,21.51,33.92
Michoacán de Ocampo,15/07/2021,19.37,10.36,31.25
Morelos,15/07/2021,18.26,12.19,0
Nayarit,15/07/2021,47,19.81,0
Nuevo León,15/07/2021,34.72,30.6,45.45
Oaxaca,15/07/2021,42.58,42.69,64.7
Puebla,15/07/2021,12.78,6.18,15.62
Querétaro,15/07/2021,16.95,6.66,59.09
Quintana Roo,15/07/2021,41.53,15.15,26.22
San Luis Potosí,15/07/2021,11.73,9.16,8
Sinaloa,15/07/2021,55.05,51.89,52.32
Sonora,15/07/2021,49,24.74,40
Tabasco,15/07/2021,28,34.13,42.62
Tamaulipas,15/07/2021,36.1,17.55,27.77
Tlaxcala,15/07/2021,21.21,10.81,0
Veracruz de Ignacio de la Llave,15/07/2021,36.67,25.39,49.45
Yucatán,15/07/2021,24.03,50,62.96
Zacatecas,15/07/2021,9.9,1.53,5.55
Aguascalientes,16/07/2021,17.02,8.04,35
Baja California,16/07/2021,22.51,15.68,18.91
Baja California Sur,16/07/2021,58.49,55.25,60
Campeche,16/07/2021,10.04,17.73,16.66
Chiapas,16/07/2021,9.06,8.59,2.12
Chihuahua,16/07/2021,12.76,7.64,15
Ciudad de México,16/07/2021,53.42,39.15,35.08
Coahuila de Zaragoza,16/07/2021,9.57,3.94,28.57
Colima,16/07/2021,28.71,35.55,100
Durango,16/07/2021,36.78,11.86,24
Guanajuato,16/07/2021,5.13,3.23,10.52
Guerrero,16/07/2021,40.27,20.1,24.61
Hidalgo,16/07/2021,45.31,14.06,6.66
Jalisco,16/07/2021,29.55,20.51,23.58
México,16/07/2021,32.1,22.86,33.92
Michoacán de Ocampo,16/07/2021,21.29,11.28,10
Morelos,16/07/2021,19.8,6,0
Nayarit,16/07/2021,40.27,33.33,0
Nuevo León,16/07/2021,41.02,33.05,46.77
Oaxaca,16/07/2021,45.28,36.95,60
Puebla,16/07/2021,20.8,11.42,30.76
Querétaro,16/07/2021,16.31,5.66,63.63
Quintana Roo,16/07/2021,42.2,18.05,29.09
San Luis Potosí,16/07/2021,11.58,11.67,12
Sinaloa,16/07/2021,53.92,46.3,54.02
Sonora,16/07/2021,44.16,24.13,36.73
Tabasco,16/07/2021,25.4,34.07,42.62
Tamaulipas,16/07/2021,38.91,20.1,30.66
Tlaxcala,16/07/2021,21.62,12.3,0
Veracruz de Ignacio de la Llave,16/07/2021,38.37,26.84,53.57
Yucatán,16/07/2021,23.76,48.52,67.85
Zacatecas,16/07/2021,15.46,3,15
Aguascalientes,17/07/2021,15.78,8.23,35
Baja California,17/07/2021,21.24,15.93,18.91
Baja California Sur,17/07/2021,60.81,55.21,50
Campeche,17/07/2021,10.04,16.78,16.12
Chiapas,17/07/2021,9.11,9.28,2.12
Chihuahua,17/07/2021,11.9,4.05,5.76
Ciudad de México,17/07/2021,53.92,37.63,33.1
Coahuila de Zaragoza,17/07/2021,12.19,6.61,60
Colima,17/07/2021,26.47,37.77,100
Durango,17/07/2021,35.8,14.08,18.75
Guanajuato,17/07/2021,5.88,2.79,10.52
Guerrero,17/07/2021,41.39,26.2,41.3
Hidalgo,17/07/2021,45.35,15.74,0
Jalisco,17/07/2021,30.55,25,28.38
México,17/07/2021,34,24.13,31.85
Michoacán de Ocampo,17/07/2021,21.21,15.15,35.71
Morelos,17/07/2021,18.84,7.14,0
Nayarit,17/07/2021,42.46,32.05,0
Nuevo León,17/07/2021,48.3,36.81,58.37
Oaxaca,17/07/2021,43.02,39.17,66.66
Puebla,17/07/2021,23.37,8.77,29.68
Querétaro,17/07/2021,16.66,7.69,63.63
Quintana Roo,17/07/2021,45.87,19.32,32.81
San Luis Potosí,17/07/2021,13.17,8.95,12
Sinaloa,17/07/2021,57.28,46.93,58.51
Sonora,17/07/2021,42.55,28.73,50
Tabasco,17/07/2021,25.3,27.41,38.55
Tamaulipas,17/07/2021,35.5,17.76,25.88
Tlaxcala,17/07/2021,19.44,13.63,0
Veracruz de Ignacio de la Llave,17/07/2021,38.12,25.36,49.49
Yucatán,17/07/2021,21.49,49.71,67.85
Zacatecas,17/07/2021,16.83,3.07,16.66
Aguascalientes,18/07/2021,23,8.53,30
Baja California,18/07/2021,24.27,15.68,18.91
Baja California Sur,18/07/2021,58.65,53.61,50
Campeche,18/07/2021,11.22,17.6,16.12
Chiapas,18/07/2021,7.54,11.42,2.12
Chihuahua,18/07/2021,10.56,12.57,15.62
Ciudad de México,18/07/2021,58.35,38.74,32
Coahuila de Zaragoza,18/07/2021,14.81,5.82,100
Colima,18/07/2021,26.59,33.33,0
Durango,18/07/2021,44,17.94,25
Guanajuato,18/07/2021,5.91,3.03,10.52
Guerrero,18/07/2021,42.89,28.1,48.88
Hidalgo,18/07/2021,47.76,18.58,5.55
Jalisco,18/07/2021,34.1,26.58,30.32
México,18/07/2021,24.08,15.54,42.85
Michoacán de Ocampo,18/07/2021,19.13,5,100
Morelos,18/07/2021,34.82,24.72,33.63
Nayarit,18/07/2021,48.68,33.78,0
Nuevo León,18/07/2021,41.22,37.27,48.43
Oaxaca,18/07/2021,44.44,28.8,25
Puebla,18/07/2021,24.43,8.38,33.84
Querétaro,18/07/2021,18.86,7.69,63.63
Quintana Roo,18/07/2021,47.94,21.77,46.66
San Luis Potosí,18/07/2021,11.52,5.26,15.38
Sinaloa,18/07/2021,62.46,46.63,58.69
Sonora,18/07/2021,40.25,29.78,46.51
Tabasco,18/07/2021,27.86,28.34,35.29
Tamaulipas,18/07/2021,34.86,19.89,33.33
Tlaxcala,18/07/2021,29.16,12.12,0
Veracruz de Ignacio de la Llave,18/07/2021,41.83,25.29,46.53
Yucatán,18/07/2021,21.16,47.42,68.96
Zacatecas,18/07/2021,18.18,4.61,16.66
Aguascalientes,19/07/2021,21.81,6.31,25
Baja California,19/07/2021,21.99,16.86,18.91
Baja California Sur,19/07/2021,57.5,54.34,0
Campeche,19/07/2021,9.93,17.93,16.66
Chiapas,19/07/2021,10.49,12.45,2.12
Chihuahua,19/07/2021,14.77,4.87,10.93
Ciudad de México,19/07/2021,59.42,47.56,44.12
Coahuila de Zaragoza,19/07/2021,14.01,3.28,28.57
Colima,19/07/2021,32.92,42.22,100
Durango,19/07/2021,48.75,18.91,29.41
Guanajuato,19/07/2021,6.85,2.76,8.92
Guerrero,19/07/2021,45.02,31.49,39.65
Hidalgo,19/07/2021,53.04,20.51,6.66
Jalisco,19/07/2021,35.36,26.41,30.5
México,19/07/2021,24.23,17.32,40.65
Michoacán de Ocampo,19/07/2021,20.28,2.89,46.66
Morelos,19/07/2021,36.11,24.8,0
Nayarit,19/07/2021,58.5,32,0
Nuevo León,19/07/2021,45.58,41.17,60.94
Oaxaca,19/07/2021,40.55,38.77,56.52
Puebla,19/07/2021,27.65,11.62,35.38
Querétaro,19/07/2021,22.53,9.79,68.18
Quintana Roo,19/07/2021,49.06,21.31,32.25
San Luis Potosí,19/07/2021,13.31,9.16,18.51
Sinaloa,19/07/2021,59.03,43.49,58.24
Sonora,19/07/2021,40.63,31.81,41.66
Tabasco,19/07/2021,25.26,32.16,36.14
Tamaulipas,19/07/2021,34.43,21.36,32.5
Tlaxcala,19/07/2021,34.72,10.6,0
Veracruz de Ignacio de la Llave,19/07/2021,44.98,31.2,58.97
Yucatán,19/07/2021,20.24,46.66,70
Zacatecas,19/07/2021,18.18,3.84,11.11
Aguascalientes,20/07/2021,23.63,6.25,15
Baja California,20/07/2021,16.95,19.1,18.91
Baja California Sur,20/07/2021,45.69,53.27,0
Campeche,20/07/2021,11.46,11.26,9.37
Chiapas,20/07/2021,10.47,12.54,2.12
Chihuahua,20/07/2021,17.9,8.07,15.62
Ciudad de México,20/07/2021,61.22,49.81,46.57
Coahuila de Zaragoza,20/07/2021,15.41,3.4,14.28
Colima,20/07/2021,41.93,44.44,100
Durango,20/07/2021,58.82,27.94,36.36
Guanajuato,20/07/2021,6.48,3.21,7.14
Guerrero,20/07/2021,51.87,38.55,36.2
Hidalgo,20/07/2021,55.19,22.93,11.76
Jalisco,20/07/2021,37.61,30.67,35.36
México,20/07/2021,35.84,31.22,60
Michoacán de Ocampo,20/07/2021,23.73,18.77,53.33
Morelos,20/07/2021,22.11,5.4,100
Nayarit,20/07/2021,55.55,37.17,0
Nuevo León,20/07/2021,49.71,45.07,59.3
Oaxaca,20/07/2021,42.94,40,52.17
Puebla,20/07/2021,29.17,13.33,37.31
Querétaro,20/07/2021,23.23,9.42,68.18
Quintana Roo,20/07/2021,47.86,20.42,30
San Luis Potosí,20/07/2021,13.29,10,15.38
Sinaloa,20/07/2021,57.12,46.98,59.57
Sonora,20/07/2021,43.31,31.73,40.9
Tabasco,20/07/2021,24.33,33.83,38.82
Tamaulipas,20/07/2021,37.13,22.22,40
Tlaxcala,20/07/2021,34.72,12.12,0
Veracruz de Ignacio de la Llave,20/07/2021,42.62,27.96,55.67
Yucatán,20/07/2021,20.11,48.04,72.41
Zacatecas,20/07/2021,26,3.87,11.11
Aguascalientes,21/07/2021,24.52,7.07,15
Baja California,21/07/2021,18.71,19.1,16.21
Baja California Sur,21/07/2021,45.65,50.23,0
Campeche,21/07/2021,9.83,12.58,13.33
Chiapas,21/07/2021,12.59,13.45,2.12
Chihuahua,21/07/2021,17.01,9.69,17.18
Ciudad de México,21/07/2021,63.21,49.88,48.1
Coahuila de Zaragoza,21/07/2021,16,4.1,28.57
Colima,21/07/2021,57.81,63.63,100
Durango,21/07/2021,70.83,32.75,59.37
Guanajuato,21/07/2021,8.23,3.48,8.92
Guerrero,21/07/2021,57.44,34.44,32.75
Hidalgo,21/07/2021,58.2,24.36,17.64
Jalisco,21/07/2021,38.71,25.75,32
México,21/07/2021,39.64,26.97,34.32
Michoacán de Ocampo,21/07/2021,27.6,18.04,54.54
Morelos,21/07/2021,21.13,7.31,0
Nayarit,21/07/2021,58.24,38.82,0
Nuevo León,21/07/2021,46.31,47.94,66.08
Oaxaca,21/07/2021,41.47,39.81,42.85
Puebla,21/07/2021,29.78,12.86,38.8
Querétaro,21/07/2021,24.91,10.56,68.18
Quintana Roo,21/07/2021,49.32,20.08,28.81
San Luis Potosí,21/07/2021,14.57,8.08,18.51
Sinaloa,21/07/2021,54.57,48.75,58.06
Sonora,21/07/2021,43.58,34.19,38.63
Tabasco,21/07/2021,25.55,31.84,36.36
Tamaulipas,21/07/2021,33.26,19.44,33.33
Tlaxcala,21/07/2021,33.8,9.52,0
Veracruz de Ignacio de la Llave,21/07/2021,47.53,28.93,51.64
Yucatán,21/07/2021,17.84,43.75,76
Zacatecas,21/07/2021,22,4.65,16.66
Aguascalientes,22/07/2021,25,6.18,25
Baja California,22/07/2021,18.33,18.36,16.21
Baja California Sur,22/07/2021,43.34,46.98,0
Campeche,22/07/2021,9.31,11.18,16.66
Chiapas,22/07/2021,18.93,13.7,14.58
Chihuahua,22/07/2021,16.58,11.58,19.67
Ciudad de México,22/07/2021,65.29,54.32,57.74
Coahuila de Zaragoza,22/07/2021,16.36,3.57,42.85
Colima,22/07/2021,63.79,73.68,100
Durango,22/07/2021,68,34.04,65.38
Guanajuato,22/07/2021,8.82,4.49,10.71
Guerrero,22/07/2021,64.73,34.25,43.93
Hidalgo,22/07/2021,56.98,28.81,66.66
Jalisco,22/07/2021,39.71,30.18,33.16
México,22/07/2021,28.25,20.19,60
Michoacán de Ocampo,22/07/2021,25.37,15.15,100
Morelos,22/07/2021,41.5,29.09,37.98
Nayarit,22/07/2021,55.32,39.02,0
Nuevo León,22/07/2021,52.22,46.65,65.04
Oaxaca,22/07/2021,42.71,41.37,50
Puebla,22/07/2021,28.84,12.92,45.94
Querétaro,22/07/2021,29.86,9.58,68.18
Quintana Roo,22/07/2021,49.72,18.22,27.11
San Luis Potosí,22/07/2021,19.5,5.6,32.35
Sinaloa,22/07/2021,54.94,53.12,61.29
Sonora,22/07/2021,45.61,36.8,41.3
Tabasco,22/07/2021,25.22,29.84,31.08
Tamaulipas,22/07/2021,35.3,24.77,45.16
Tlaxcala,22/07/2021,30.43,15,0
Veracruz de Ignacio de la Llave,22/07/2021,50.06,29.16,47.57
Yucatán,22/07/2021,17.8,47.25,80
Zacatecas,22/07/2021,27.45,4.68,16.66
Aguascalientes,23/07/2021,24.77,11.34,30
Baja California,23/07/2021,18.6,18.4,16.21
Baja California Sur,23/07/2021,40.82,47.1,50
Campeche,23/07/2021,10.56,10.34,16.12
Chiapas,23/07/2021,19.94,15.35,18.75
Chihuahua,23/07/2021,16.93,11.72,22.95
Ciudad de México,23/07/2021,64.91,54.36,52.8
Coahuila de Zaragoza,23/07/2021,16.79,5.67,40
Colima,23/07/2021,59.67,59.37,0
Durango,23/07/2021,69.23,33.33,75
Guanajuato,23/07/2021,10.28,4.76,20
Guerrero,23/07/2021,67.56,37.07,43.54
Hidalgo,23/07/2021,55.8,28.34,26.66
Jalisco,23/07/2021,38.87,34.1,38.07
México,23/07/2021,25.75,23.55,60
Michoacán de Ocampo,23/07/2021,26.86,12.12,0
Morelos,23/07/2021,42.44,26.95,48.1
Nayarit,23/07/2021,64.61,66.25,0
Nuevo León,23/07/2021,57.55,47.61,68.55
Oaxaca,23/07/2021,45.91,36.11,52.94
Puebla,23/07/2021,31.56,12.2,45.94
Querétaro,23/07/2021,29.07,11.52,77.77
Quintana Roo,23/07/2021,49.46,19.48,27.86
San Luis Potosí,23/07/2021,17.64,6.97,25.8
Sinaloa,23/07/2021,58.45,57.52,65.93
Sonora,23/07/2021,44.68,34.84,43.75
Tabasco,23/07/2021,24.68,33.67,30.98
Tamaulipas,23/07/2021,34.46,21.07,41.57
Tlaxcala,23/07/2021,30.98,16.94,0
Veracruz de Ignacio de la Llave,23/07/2021,51.63,34.24,56.7
Yucatán,23/07/2021,36.59,56.17,77.27
Zacatecas,23/07/2021,27.18,7.87,16.66
Aguascalientes,24/07/2021,24.56,11.82,47.61
Baja California,24/07/2021,29.51,21.42,16.66
Baja California Sur,24/07/2021,38.12,43.9,50
Campeche,24/07/2021,8.26,11.64,16.66
Chiapas,24/07/2021,21.01,14.01,18.75
Chihuahua,24/07/2021,15.91,15,25
Ciudad de México,24/07/2021,64.37,51.31,51.07
Coahuila de Zaragoza,24/07/2021,19.71,4.62,40
Colima,24/07/2021,67.24,71.87,0
Durango,24/07/2021,71.13,26.53,69.23
Guanajuato,24/07/2021,8.67,5.24,14.28
Guerrero,24/07/2021,70.58,37.98,58.69
Hidalgo,24/07/2021,57.81,36.13,20
Jalisco,24/07/2021,38.68,34.81,43.84
México,24/07/2021,42.36,28.88,44.26
Michoacán de Ocampo,24/07/2021,27.94,24.33,61.11
Morelos,24/07/2021,35.8,16.12,0
Nayarit,24/07/2021,63.76,56.98,0
Nuevo León,24/07/2021,53.52,48.39,65.91
Oaxaca,24/07/2021,44.14,51.54,63.63
Puebla,24/07/2021,33.5,13.01,46.66
Querétaro,24/07/2021,31.67,11.78,68.18
Quintana Roo,24/07/2021,50.54,19.35,27.41
San Luis Potosí,24/07/2021,27.51,7.08,32.35
Sinaloa,24/07/2021,57.95,54.98,63.15
Sonora,24/07/2021,48.9,38.98,53.12
Tabasco,24/07/2021,27.87,31.63,37.28
Tamaulipas,24/07/2021,33.26,23.23,41.33
Tlaxcala,24/07/2021,31.94,22.03,0
Veracruz de Ignacio de la Llave,24/07/2021,50.63,35.69,62.13
Yucatán,24/07/2021,17.54,48.9,77.27
Zacatecas,24/07/2021,32.03,7.93,16.66
Aguascalientes,25/07/2021,23.58,12.74,56.52
Baja California,25/07/2021,22.86,19.14,16.21
Baja California Sur,25/07/2021,39.14,41.6,40
Campeche,25/07/2021,9.14,10.88,21.87
Chiapas,25/07/2021,20.24,14.7,16.36
Chihuahua,25/07/2021,16.23,14.97,21.87
Ciudad de México,25/07/2021,64.5,46.52,36.97
Coahuila de Zaragoza,25/07/2021,22.93,6.66,40
Colima,25/07/2021,78.78,81.25,0
Durango,25/07/2021,72.44,28.57,54.16
Guanajuato,25/07/2021,9.79,4.21,14.28
Guerrero,25/07/2021,70.44,28.48,66.66
Hidalgo,25/07/2021,57.55,33.89,20
Jalisco,25/07/2021,45.49,36.78,51.38
México,25/07/2021,31.81,25.76,43.47
Michoacán de Ocampo,25/07/2021,39.87,13.95,100
Morelos,25/07/2021,45.4,27.95,37.5
Nayarit,25/07/2021,71.96,65.11,0
Nuevo León,25/07/2021,59.11,51.59,67.66
Oaxaca,25/07/2021,46,55.33,63.88
Puebla,25/07/2021,37.06,13.45,47.36
Querétaro,25/07/2021,33.21,12.75,68.18
Quintana Roo,25/07/2021,49.32,20.88,37.2
San Luis Potosí,25/07/2021,26.35,7.08,34.28
Sinaloa,25/07/2021,57.41,48.48,64.04
Sonora,25/07/2021,47.97,41.71,53.84
Tabasco,25/07/2021,26.98,28.35,28.73
Tamaulipas,25/07/2021,35.19,24.76,43.37
Tlaxcala,25/07/2021,38.02,22.03,0
Veracruz de Ignacio de la Llave,25/07/2021,54.36,40.17,60.34
Yucatán,25/07/2021,18.01,50,78.26
Zacatecas,25/07/2021,38.23,7.87,16.66
Aguascalientes,26/07/2021,27.52,13,52.17
Baja California,26/07/2021,18.37,18.57,35.29
Baja California Sur,26/07/2021,41.37,44.26,40
Campeche,26/07/2021,7.95,10.34,13.33
Chiapas,26/07/2021,20.61,15.58,18.75
Chihuahua,26/07/2021,18.09,14.19,24.61
Ciudad de México,26/07/2021,68.85,56.07,56.39
Coahuila de Zaragoza,26/07/2021,23.57,9.79,28.57
Colima,26/07/2021,65.55,86.36,100
Durango,26/07/2021,68.51,35.41,71.87
Guanajuato,26/07/2021,10.94,4.47,16.07
Guerrero,26/07/2021,64.9,37,40
Hidalgo,26/07/2021,57.65,35.39,33.33
Jalisco,26/07/2021,47.44,34.67,45.73
México,26/07/2021,30.48,28.36,62.5
Michoacán de Ocampo,26/07/2021,43.87,9.72,5.26
Morelos,26/07/2021,45.76,29.86,47.2
Nayarit,26/07/2021,75.41,54.71,0
Nuevo León,26/07/2021,61.29,57.66,76.34
Oaxaca,26/07/2021,42.36,60.19,73.52
Puebla,26/07/2021,39.48,16,48.05
Querétaro,26/07/2021,32.4,17.5,68.18
Quintana Roo,26/07/2021,51.9,19,25.39
San Luis Potosí,26/07/2021,29.31,8.69,28.88
Sinaloa,26/07/2021,59.15,55.25,71.59
Sonora,26/07/2021,51.08,42.56,47.5
Tabasco,26/07/2021,24.01,34.37,32.43
Tamaulipas,26/07/2021,35.7,25.22,36.26
Tlaxcala,26/07/2021,40,21.66,0
Veracruz de Ignacio de la Llave,26/07/2021,58.37,37.33,62.96
Yucatán,26/07/2021,17.08,51.95,79.16
Zacatecas,26/07/2021,38.38,10,22.22
Aguascalientes,27/07/2021,27.88,17.59,40
Baja California,27/07/2021,18.11,19.52,16.21
Baja California Sur,27/07/2021,34.04,46.28,0
Campeche,27/07/2021,8.84,10.07,13.33
Chiapas,27/07/2021,19.07,17.4,18.75
Chihuahua,27/07/2021,17.86,17.28,29.23
Ciudad de México,27/07/2021,73.09,66.53,74.82
Coahuila de Zaragoza,27/07/2021,25.44,8.57,28.57
Colima,27/07/2021,68.31,55.76,100
Durango,27/07/2021,66.05,39.02,69.23
Guanajuato,27/07/2021,10.18,5.11,18.96
Guerrero,27/07/2021,65.63,40.88,37.64
Hidalgo,27/07/2021,60.41,34.51,26.66
Jalisco,27/07/2021,49.29,38.3,48.69
México,27/07/2021,34.08,26.63,46.15
Michoacán de Ocampo,27/07/2021,46.87,20.68,5.26
Morelos,27/07/2021,48.92,30.87,40.84
Nayarit,27/07/2021,79.01,57,0
Nuevo León,27/07/2021,59.08,54.38,72.97
Oaxaca,27/07/2021,41.53,56.56,72.22
Puebla,27/07/2021,41.42,19.12,46.25
Querétaro,27/07/2021,35.46,18.18,68.18
Quintana Roo,27/07/2021,51.35,20.58,28.57
San Luis Potosí,27/07/2021,26.14,11.38,67.24
Sinaloa,27/07/2021,61.23,52.11,73.86
Sonora,27/07/2021,49.26,41.23,44.89
Tabasco,27/07/2021,23.49,23.65,37.2
Tamaulipas,27/07/2021,36.36,27.44,40.25
Tlaxcala,27/07/2021,30.43,21.87,0
Veracruz de Ignacio de la Llave,27/07/2021,56.57,33.98,59.4
Yucatán,27/07/2021,17.3,50.58,75
Zacatecas,27/07/2021,43.75,14.28,38.88
Aguascalientes,28/07/2021,26.21,17.43,36
Baja California,28/07/2021,19.16,20.94,16.21
Baja California Sur,28/07/2021,34.69,45.6,40
Campeche,28/07/2021,9.95,10.07,15.62
Chiapas,28/07/2021,17.67,17.45,18.75
Chihuahua,28/07/2021,16.78,16.44,29.82
Ciudad de México,28/07/2021,74.11,71.14,72.9
Coahuila de Zaragoza,28/07/2021,25.52,7.58,18.18
Colima,28/07/2021,75.53,69.81,100
Durango,28/07/2021,72,31.03,88.46
Guanajuato,28/07/2021,13.45,6.42,16.07
Guerrero,28/07/2021,68,44.27,53.57
Hidalgo,28/07/2021,59.67,38.46,26.66
Jalisco,28/07/2021,50.43,45,63.54
México,28/07/2021,35.43,26.92,61.53
Michoacán de Ocampo,28/07/2021,49.1,18.33,5.26
Morelos,28/07/2021,50.7,31.55,46.57
Nayarit,28/07/2021,82.88,62.22,0
Nuevo León,28/07/2021,61,58.07,72.06
Oaxaca,28/07/2021,42.52,56.43,76.19
Puebla,28/07/2021,44.07,20.43,43.83
Querétaro,28/07/2021,37.41,20.73,68.18
Quintana Roo,28/07/2021,52.51,21.18,30.15
San Luis Potosí,28/07/2021,32.99,14.75,36.66
Sinaloa,28/07/2021,60.55,52.3,72.52
Sonora,28/07/2021,56.16,46.11,44.73
Tabasco,28/07/2021,26.02,37.22,31.5
Tamaulipas,28/07/2021,34.87,28.37,43.82
Tlaxcala,28/07/2021,33.8,22.58,0
Veracruz de Ignacio de la Llave,28/07/2021,58.5,33.23,48.35
Yucatán,28/07/2021,17.86,50.58,75
Zacatecas,28/07/2021,34,12.4,44.44
Aguascalientes,29/07/2021,23.76,15.59,40
Baja California,29/07/2021,22.59,18.47,8.1
Baja California Sur,29/07/2021,39.58,45.71,40
Campeche,29/07/2021,8.93,10.71,10
Chiapas,29/07/2021,16.13,19.85,18.75
Chihuahua,29/07/2021,16.07,16.44,30.35
Ciudad de México,29/07/2021,75.45,67.52,77.32
Coahuila de Zaragoza,29/07/2021,24.65,9.72,45.45
Colima,29/07/2021,85,82.97,100
Durango,29/07/2021,65.89,46.15,97.05
Guanajuato,29/07/2021,12.99,7.5,30.9
Guerrero,29/07/2021,71.2,42.51,36.36
Hidalgo,29/07/2021,59.67,39.39,26.66
Jalisco,29/07/2021,53.22,42.04,54.58
México,29/07/2021,35.48,25.23,58.82
Michoacán de Ocampo,29/07/2021,50.29,17.54,5.26
Morelos,29/07/2021,53.37,31.45,55.28
Nayarit,29/07/2021,83.46,65.34,0
Nuevo León,29/07/2021,60.75,58.09,70.93
Oaxaca,29/07/2021,51.83,61.95,83.78
Puebla,29/07/2021,47.6,23.07,45.33
Querétaro,29/07/2021,38.67,21.33,68.18
Quintana Roo,29/07/2021,52.53,20.32,29.03
San Luis Potosí,29/07/2021,30.87,17.74,35.55
Sinaloa,29/07/2021,58.48,53.71,75.28
Sonora,29/07/2021,51.09,45.26,53.65
Tabasco,29/07/2021,30.64,34.93,39.62
Tamaulipas,29/07/2021,36.25,24.88,37.66
Tlaxcala,29/07/2021,34.72,30,0
Veracruz de Ignacio de la Llave,29/07/2021,63.26,31.38,45.88
Yucatán,29/07/2021,15.33,51.2,75
Zacatecas,29/07/2021,35,13.84,50
Aguascalientes,30/07/2021,24.32,13.17,23.07
Baja California,30/07/2021,21.02,19.12,10.81
Baja California Sur,30/07/2021,41.1,43.75,25
Campeche,30/07/2021,10.23,12.31,15.62
Chiapas,30/07/2021,15.28,20.65,13.33
Chihuahua,30/07/2021,17.78,16.98,29.23
Ciudad de México,30/07/2021,73.24,61.66,66.06
Coahuila de Zaragoza,30/07/2021,26.16,11.64,45.45
Colima,30/07/2021,86.66,90.47,100
Durango,30/07/2021,67.71,53.96,100
Guanajuato,30/07/2021,12.15,7.3,40
Guerrero,30/07/2021,72.29,44.09,38.88
Hidalgo,30/07/2021,62.77,40.6,26.66
Jalisco,30/07/2021,53.34,39.7,49.81
México,30/07/2021,39.73,25.24,61.11
Michoacán de Ocampo,30/07/2021,46.55,20.75,5.26
Morelos,30/07/2021,51.12,31.16,37.14
Nayarit,30/07/2021,75.09,69.44,0
Nuevo León,30/07/2021,62.24,60.31,72.13
Oaxaca,30/07/2021,53.3,64.13,86.48
Puebla,30/07/2021,55.27,17.67,43.42
Querétaro,30/07/2021,38.18,25.1,100
Quintana Roo,30/07/2021,51.12,20,30.64
San Luis Potosí,30/07/2021,28.8,29.6,43.24
Sinaloa,30/07/2021,58.86,56.69,81.39
Sonora,30/07/2021,47.26,43.39,40.81
Tabasco,30/07/2021,28.82,36.31,36.61
Tamaulipas,30/07/2021,37.31,22.76,36.17
Tlaxcala,30/07/2021,34.66,34.48,0
Veracruz de Ignacio de la Llave,30/07/2021,61.69,36.15,48.86
Yucatán,30/07/2021,17.5,52.22,69.56
Zacatecas,30/07/2021,34.65,15.5,61.11
Aguascalientes,31/07/2021,28.57,11.2,25.64
Baja California,31/07/2021,26.47,20.64,25
Baja California Sur,31/07/2021,37.95,45.01,25
Campeche,31/07/2021,8.99,10,10
Chiapas,31/07/2021,13.85,21.07,13.04
Chihuahua,31/07/2021,13.08,17.61,26.41
Ciudad de México,31/07/2021,75.62,66.92,81.36
Coahuila de Zaragoza,31/07/2021,29.1,11.96,50
Colima,31/07/2021,84.9,93.02,100
Durango,31/07/2021,71.92,54.23,100
Guanajuato,31/07/2021,14.76,7.53,36.84
Guerrero,31/07/2021,73.24,48.37,49.29
Hidalgo,31/07/2021,59.5,39,20
Jalisco,31/07/2021,53.2,41.2,52.05
México,31/07/2021,39.54,28.29,61.53
Michoacán de Ocampo,31/07/2021,48.29,22,5.26
Morelos,31/07/2021,49.49,37.32,37.62
Nayarit,31/07/2021,72.82,65.42,0
Nuevo León,31/07/2021,65.01,58.36,78.21
Oaxaca,31/07/2021,57.21,66.29,97.05
Puebla,31/07/2021,60.07,20.64,50.7
Querétaro,31/07/2021,40.31,22.59,68.18
Quintana Roo,31/07/2021,50.56,20.24,41.86
San Luis Potosí,31/07/2021,26.86,26.82,51.21
Sinaloa,31/07/2021,59.5,55.67,83.9
Sonora,31/07/2021,50.12,42.22,50
Tabasco,31/07/2021,32.57,30.72,43.07
Tamaulipas,31/07/2021,37.84,22.79,41.97
Tlaxcala,31/07/2021,36.11,36.66,0
Veracruz de Ignacio de la Llave,31/07/2021,57.66,34.61,55.96
Yucatán,31/07/2021,16.29,49.42,69.56
Zacatecas,31/07/2021,43.51,16.1,66.66
Aguascalientes,01/08/2021,32.45,15.57,32.43
Baja California,01/08/2021,25.13,19.54,23.52
Baja California Sur,01/08/2021,36.99,43.77,25
Campeche,01/08/2021,11.31,9.92,12.9
Chiapas,01/08/2021,13.65,18.31,6.97
Chihuahua,01/08/2021,17.24,19.23,31.57
Ciudad de México,01/08/2021,75.81,55.97,48.55
Coahuila de Zaragoza,01/08/2021,33.49,12.06,44.44
Colima,01/08/2021,95.09,95.23,100
Durango,01/08/2021,72.26,59.32,100
Guanajuato,01/08/2021,15.5,7.26,39.28
Guerrero,01/08/2021,71.06,44.84,46.96
Hidalgo,01/08/2021,59.17,43.26,33.33
Jalisco,01/08/2021,55.93,44.19,54.64
México,01/08/2021,43.47,26.41,65
Michoacán de Ocampo,01/08/2021,56.14,38.7,100
Morelos,01/08/2021,53.36,39.94,50
Nayarit,01/08/2021,74.03,68.57,50
Nuevo León,01/08/2021,68.87,61.49,76.89
Oaxaca,01/08/2021,61,64.58,91.89
Puebla,01/08/2021,61.14,23.11,51.89
Querétaro,01/08/2021,41.38,24.06,65
Quintana Roo,01/08/2021,48.16,23.07,45.45
San Luis Potosí,01/08/2021,36.51,34.32,55.81
Sinaloa,01/08/2021,57.56,60.07,83.69
Sonora,01/08/2021,57.42,44.18,56.25
Tabasco,01/08/2021,28.3,38.02,34.66
Tamaulipas,01/08/2021,38.23,24.87,44.31
Tlaxcala,01/08/2021,40.27,32.78,0
Veracruz de Ignacio de la Llave,01/08/2021,62.06,35.08,57.65
Yucatán,01/08/2021,16.94,47.09,66.66
Zacatecas,01/08/2021,45.45,18.25,72.22
Aguascalientes,02/08/2021,44.14,19.51,41.02
Baja California,02/08/2021,19.77,18.21,5.55
Baja California Sur,02/08/2021,35.31,45.49,25
Campeche,02/08/2021,11.35,7.14,6.25
Chiapas,02/08/2021,22.52,16.72,18.36
Chihuahua,02/08/2021,19.21,18.63,27.69
Ciudad de México,02/08/2021,76.05,68.9,76.81
Coahuila de Zaragoza,02/08/2021,31.38,13.72,21.73
Colima,02/08/2021,95.68,97.29,100
Durango,02/08/2021,80.8,72.85,100
Guanajuato,02/08/2021,15.19,7.45,42.3
Guerrero,02/08/2021,70.64,46.51,40.96
Hidalgo,02/08/2021,61.44,45.16,50
Jalisco,02/08/2021,56.27,46.37,53.84
México,02/08/2021,42.24,27.4,63.15
Michoacán de Ocampo,02/08/2021,46.51,17.91,4.34
Morelos,02/08/2021,56.02,40.05,48.97
Nayarit,02/08/2021,72.72,70.17,100
Nuevo León,02/08/2021,65.32,65.2,75.71
Oaxaca,02/08/2021,58.24,63.3,88.37
Puebla,02/08/2021,61.02,23.17,50
Querétaro,02/08/2021,42.1,24.19,65
Quintana Roo,02/08/2021,49.44,20.46,30.15
San Luis Potosí,02/08/2021,37.21,29.5,45.28
Sinaloa,02/08/2021,57.7,57.81,78.12
Sonora,02/08/2021,52.81,39.59,41.3
Tabasco,02/08/2021,29.46,38.37,31.5
Tamaulipas,02/08/2021,39.12,27.02,44.44
Tlaxcala,02/08/2021,43.05,35.59,0
Veracruz de Ignacio de la Llave,02/08/2021,62.27,38.52,51.64
Yucatán,02/08/2021,17.07,44.5,62.5
Zacatecas,02/08/2021,47.52,21.42,94.44
Aguascalientes,03/08/2021,43.75,18.54,35.89
Baja California,03/08/2021,21.22,16.98,8.1
Baja California Sur,03/08/2021,31.19,42.92,0
Campeche,03/08/2021,14.8,6.81,6.25
Chiapas,03/08/2021,23.71,17.89,32.2
Chihuahua,03/08/2021,18.85,16.98,29.23
Ciudad de México,03/08/2021,75.96,67.7,74.24
Coahuila de Zaragoza,03/08/2021,34.85,10,45.45
Colima,03/08/2021,90.82,73.21,100
Durango,03/08/2021,78.23,51.31,100
Guanajuato,03/08/2021,16.11,7.54,46.42
Guerrero,03/08/2021,76.5,50.98,45
Hidalgo,03/08/2021,64.88,44.77,52.94
Jalisco,03/08/2021,56.26,44.59,56.17
México,03/08/2021,45.96,25,68.42
Michoacán de Ocampo,03/08/2021,48.09,15.62,25
Morelos,03/08/2021,56.2,38.87,50.68
Nayarit,03/08/2021,70.9,72.22,100
Nuevo León,03/08/2021,64.57,66.6,78.1
Oaxaca,03/08/2021,53.92,59.48,91.11
Puebla,03/08/2021,63.19,23.7,50.61
Querétaro,03/08/2021,42.94,25.51,90
Quintana Roo,03/08/2021,51.21,20.62,32.81
San Luis Potosí,03/08/2021,40.92,26.77,50
Sinaloa,03/08/2021,59.72,54.45,82.41
Sonora,03/08/2021,52,42.28,47.91
Tabasco,03/08/2021,31.66,37.5,34.21
Tamaulipas,03/08/2021,35.45,26.94,42.57
Tlaxcala,03/08/2021,38.02,33.33,0
Veracruz de Ignacio de la Llave,03/08/2021,62.77,41.69,41.83
Yucatán,03/08/2021,16.81,43.01,56
Zacatecas,03/08/2021,50.49,24.59,88.88
